date,symbol,session,pattern,outcome,pnl,r_mult,gap_pct,rvol,pm_bar_rvol_equiv,spike_time,float_shares,float_verified,resistance,entry_offset_mins,stop_distance_pct,entry,stop,target,exit,shares,is_runner,run_days,entry_time,conviction_tier,conviction_mult,conviction_pts,has_catalyst,news_quality,news_negative,scaleins,scaleouts,t1_outcome_raw,t1_pnl,t1_candle_signal,gates_mode,gates_reason,gates_passed,gate_macd_ok,gate_ema_ok,gate_vwap_ok,t2_filled,t2_entry,t2_shares,t2_outcome,t2_exit,t2_pnl,t2_candle_signal,t3_filled,t3_entry,t3_shares,t3_outcome,t3_exit,t3_pnl,tiers_fired,tier_pnl_sum,runner_outcome,runner_exit,runner_shares,runner_pnl
2025-09-11,GRI,,breakout,LOSS,-575.66,-1.04,83.97,538.61,,,1770838,True,False,4,2.82,2.68,2.6,2.92,2.59,6924,False,0,09:34 ET,STRONG,3.0,2,False,0,False,True,False,STOP,-575.66,,conviction,score_2,2,1,0,1,False,0.0,0,,0.0,0.0,,False,0.0,0,,0.0,0.0,0,0.0,,0.0,0,0.0
2025-09-11,WLDS,,bull_flag,LOSS,-405.63,-1.1,93.05,7.23,,,2727563,True,False,4,3.0,7.42,7.2,8.09,7.18,1663,False,0,09:34 ET,STANDARD,2.0,0,False,0,False,True,False,STOP,-405.63,,conviction,score_2,2,1,0,1,False,0.0,0,,0.0,0.0,,False,0.0,0,,0.0,0.0,0,0.0,,0.0,0,0.0
2025-09-11,OCC,,breakout,WIN,7.12,0.04,41.56,8.49,,,5819317,True,False,6,2.95,6.91,6.71,7.54,6.92,893,False,0,09:36 ET,STANDARD → ROSS-HALF (0/3 gates),1.0,0,False,0,False,True,False,TRAIL,7.12,,conviction,score_0,0,0,0,0,False,0.0,0,,0.0,0.0,,False,0.0,0,,0.0,0.0,0,0.0,,0.0,0,0.0
2025-09-11,PACS,,breakout,WIN,9.27,0.05,31.86,8.72,,,47310779,True,False,1,3.0,8.22,7.97,8.96,8.23,751,False,0,09:31 ET,STANDARD → ROSS-HALF (0/3 gates),1.0,0,False,0,False,True,False,TRAIL,9.27,,conviction,score_0,0,0,0,0,False,0.0,0,,0.0,0.0,,False,0.0,0,,0.0,0.0,0,0.0,,0.0,0,0.0
2025-09-12,BGLC,,bull_flag,WIN,21.34,0.06,31.38,45.45,,,1753471,True,False,354,2.97,5.43,5.27,5.92,5.44,2273,False,0,15:24 ET,STANDARD,2.0,0,True,3,False,True,False,TRAIL,21.34,,conviction,score_2,2,1,0,1,False,0.0,0,,0.0,0.0,,False,0.0,0,,0.0,0.0,0,0.0,,0.0,0,0.0
2025-09-12,FTFT,,bull_flag,LOSS,-391.51,-1.06,46.42,22.24,,,3009940,True,False,42,2.88,2.99,2.9,3.25,2.89,4136,False,0,10:12 ET,STANDARD,2.0,0,False,0,False,True,False,STOP,-391.51,,conviction,score_3,3,1,1,1,False,0.0,0,,0.0,0.0,,False,0.0,0,,0.0,0.0,0,0.0,,0.0,0,0.0
2025-09-12,GCTK,,breakout,LOSS,-616.6,-1.11,190.35,195.96,,,6159318,True,False,1,3.04,11.27,10.93,12.29,10.9,1643,False,0,09:31 ET,STRONG,3.0,2,False,0,False,True,False,STOP,-616.6,,conviction,score_1,1,1,0,0,False,0.0,0,,0.0,0.0,,False,0.0,0,,0.0,0.0,0,0.0,,0.0,0,0.0
2025-09-15,FOXX,,breakout,LOSS,-408.24,-1.1,23.37,7.69,,,962093,True,False,78,3.02,5.68,5.51,6.19,5.49,2173,False,0,10:48 ET,STANDARD,2.0,0,False,0,False,True,False,STOP,-408.24,,conviction,score_1,1,0,0,1,False,0.0,0,,0.0,0.0,,False,0.0,0,,0.0,0.0,0,0.0,,0.0,0,0.0
2025-09-15,LVLU,,breakout,WIN,36.26,0.1,43.82,21.14,,,1257388,True,False,16,3.05,5.27,5.11,5.74,5.29,2343,False,0,09:46 ET,STANDARD,2.0,0,False,0,False,True,False,TRAIL,36.26,,conviction,score_1,1,0,0,1,False,0.0,0,,0.0,0.0,,False,0.0,0,,0.0,0.0,0,0.0,,0.0,0,0.0
2025-09-15,FEED,,breakout,LOSS,-601.92,-1.08,168.1,308.18,,,5851822,True,False,16,2.96,11.29,10.96,12.31,10.93,1640,False,0,09:46 ET,STRONG,3.0,2,False,0,False,True,False,STOP,-601.92,,conviction,score_1,1,1,0,0,False,0.0,0,,0.0,0.0,,False,0.0,0,,0.0,0.0,0,0.0,,0.0,0,0.0
2025-09-16,TURB,,bull_flag,LOSS,-601.43,-1.08,657.41,8333.61,,,16963641,True,False,1,2.96,6.89,6.69,7.51,6.67,2687,False,0,09:31 ET,STRONG,3.0,2,False,0,False,True,False,STOP,-601.43,,conviction,score_2,2,1,0,1,False,0.0,0,,0.0,0.0,,False,0.0,0,,0.0,0.0,0,0.0,,0.0,0,0.0
2025-09-16,WBTN,,breakout,LOSS,-202.82,-1.1,42.51,7.27,,,22534163,True,False,1,3.0,19.95,19.35,21.74,19.29,309,False,0,09:31 ET,STANDARD → ROSS-HALF (0/3 gates),1.0,0,False,0,False,True,False,STOP,-202.82,,conviction,score_0,0,0,0,0,False,0.0,0,,0.0,0.0,,False,0.0,0,,0.0,0.0,0,0.0,,0.0,0,0.0
2025-09-17,SPRC,,breakout,LOSS,-300.03,-1.08,245.65,110.22,,,532829,True,False,1,2.95,3.96,3.84,4.31,3.83,2340,False,0,09:31 ET,STRONG → ROSS-HALF (0/3 gates),1.5,2,True,3,False,True,False,STOP,-300.03,,conviction,score_0,0,0,0,0,False,0.0,0,,0.0,0.0,,False,0.0,0,,0.0,0.0,0,0.0,,0.0,0,0.0
2025-09-17,SQFT,,breakout,WIN,124.58,0.22,72.49,914.86,,,991249,True,False,159,2.96,9.38,9.1,10.22,9.44,1975,False,0,12:09 ET,STRONG,3.0,2,False,0,False,True,False,TRAIL,124.58,,conviction,score_2,2,1,0,1,False,0.0,0,,0.0,0.0,,False,0.0,0,,0.0,0.0,0,0.0,,0.0,0,0.0
2025-09-17,TGE,,breakout,WIN,373.78,0.67,69.88,362.36,,,7450890,True,False,73,2.96,2.9,2.81,3.16,2.95,6397,False,0,10:43 ET,STRONG,3.0,2,False,0,False,True,False,TRAIL,373.78,,conviction,score_1,1,0,0,1,False,0.0,0,,0.0,0.0,,False,0.0,0,,0.0,0.0,0,0.0,,0.0,0,0.0
2025-09-17,BGL,,breakout,LOSS,-401.58,-1.08,42.14,9.59,,,15800255,True,False,24,2.96,11.22,10.89,12.23,10.86,1100,False,0,09:54 ET,STANDARD,2.0,0,False,0,False,True,False,STOP,-401.58,,conviction,score_1,1,0,0,1,False,0.0,0,,0.0,0.0,,False,0.0,0,,0.0,0.0,0,0.0,,0.0,0,0.0
2025-09-18,APVO,,breakout,LOSS,-429.52,-1.16,80.85,26.12,,,1245307,True,False,1,3.19,2.51,2.43,2.74,2.42,4920,False,0,09:31 ET,STANDARD,2.0,0,True,3,False,True,False,STOP,-429.52,,conviction,score_1,1,0,0,1,False,0.0,0,,0.0,0.0,,False,0.0,0,,0.0,0.0,0,0.0,,0.0,0,0.0
2025-09-18,EDRY,,breakout,LOSS,-1.39,-0.0,29.22,39.13,,,2245666,True,False,371,3.03,13.76,13.34,15.0,13.76,897,False,0,15:41 ET,STANDARD,2.0,0,False,0,False,True,False,TRAIL,-1.39,,conviction,score_1,1,0,0,1,False,0.0,0,,0.0,0.0,,False,0.0,0,,0.0,0.0,0,0.0,,0.0,0,0.0
2025-09-18,BRFH,,breakout,LOSS,-614.89,-1.11,40.21,546.34,,,7333506,True,False,61,3.03,3.89,3.77,4.24,3.76,4764,False,0,10:31 ET,STRONG,3.0,2,False,0,False,True,False,STOP,-614.89,,conviction,score_2,2,1,0,1,False,0.0,0,,0.0,0.0,,False,0.0,0,,0.0,0.0,0,0.0,,0.0,0,0.0
2025-09-18,AIIO,,breakout,LOSS,-395.24,-1.07,40.41,6.59,,,10857992,True,False,1,2.91,2.21,2.15,2.41,2.14,5577,False,0,09:31 ET,STANDARD,2.0,0,False,0,False,True,False,STOP,-395.24,,conviction,score_2,2,1,0,1,False,0.0,0,,0.0,0.0,,False,0.0,0,,0.0,0.0,0,0.0,,0.0,0,0.0
2025-09-18,NBTX,,bull_flag,LOSS,-406.56,-1.1,29.38,12.39,,,31824271,True,False,1,3.0,12.73,12.35,13.88,12.31,969,False,0,09:31 ET,STANDARD,2.0,0,True,3,False,True,False,STOP,-406.56,,conviction,score_1,1,1,0,0,False,0.0,0,,0.0,0.0,,False,0.0,0,,0.0,0.0,0,0.0,,0.0,0,0.0
2025-09-18,SLMT,,bull_flag,LOSS,-613.92,-1.11,592.16,103.82,,,43982812,True,False,87,3.03,16.63,16.13,18.13,16.08,1113,False,0,10:57 ET,STRONG,3.0,2,False,0,False,True,False,STOP,-613.92,,conviction,score_1,1,0,0,1,False,0.0,0,,0.0,0.0,,False,0.0,0,,0.0,0.0,0,0.0,,0.0,0,0.0
2025-09-19,AGMH,,breakout,WIN,163.1,0.59,711.66,219.39,,,1852219,True,False,1,3.06,6.64,6.44,7.24,6.76,1394,False,0,09:31 ET,STRONG → ROSS-HALF (0/3 gates),1.5,2,True,3,False,True,False,TRAIL,163.1,,conviction,score_0,0,0,0,0,False,0.0,0,,0.0,0.0,,False,0.0,0,,0.0,0.0,0,0.0,,0.0,0,0.0
2025-09-19,ABTS,,breakout,LOSS,-399.58,-1.08,45.19,10.05,,,2080861,True,False,102,2.94,6.19,6.01,6.75,5.99,1994,False,0,11:12 ET,STANDARD,2.0,0,False,0,False,True,False,STOP,-399.58,,conviction,score_1,1,0,0,1,False,0.0,0,,0.0,0.0,,False,0.0,0,,0.0,0.0,0,0.0,,0.0,0,0.0
2025-09-19,BRFH,,breakout,WIN,211.43,0.57,58.33,17.1,,,7333506,True,False,17,3.03,4.6,4.46,5.01,4.68,2685,False,0,09:47 ET,STANDARD,2.0,0,True,3,False,True,False,TRAIL,211.43,,conviction,score_1,1,0,0,1,False,0.0,0,,0.0,0.0,,False,0.0,0,,0.0,0.0,0,0.0,,0.0,0,0.0
2025-09-19,VRCA,,breakout,LOSS,-627.71,-1.13,21.29,161.49,,,7896744,True,False,14,3.1,4.83,4.68,5.26,4.67,3835,False,0,09:44 ET,STRONG,3.0,2,False,0,False,True,False,STOP,-627.71,,conviction,score_2,2,1,0,1,False,0.0,0,,0.0,0.0,,False,0.0,0,,0.0,0.0,0,0.0,,0.0,0,0.0
2025-09-19,FATN,,breakout,LOSS,-614.25,-1.11,79.2,589.69,,,7896757,True,False,40,3.03,7.38,7.16,8.05,7.14,2508,False,0,10:10 ET,STRONG,3.0,2,False,0,False,True,False,STOP,-614.25,,conviction,score_2,2,1,0,1,False,0.0,0,,0.0,0.0,,False,0.0,0,,0.0,0.0,0,0.0,,0.0,0,0.0
2025-09-22,USGO,,breakout,WIN,75.95,0.21,34.64,7.01,,,2416482,True,False,16,2.98,10.26,9.95,11.18,10.32,1204,False,0,09:46 ET,STANDARD,2.0,0,False,0,False,True,False,TRAIL,75.95,,conviction,score_1,1,0,0,1,False,0.0,0,,0.0,0.0,,False,0.0,0,,0.0,0.0,0,0.0,,0.0,0,0.0
2025-09-22,BOXL,,breakout,LOSS,-610.91,-1.1,550.64,138.41,,,3707542,True,False,16,3.01,8.52,8.26,9.28,8.24,2175,False,0,09:46 ET,STRONG,3.0,2,True,3,False,True,False,STOP,-610.91,,conviction,score_2,2,1,0,1,False,0.0,0,,0.0,0.0,,False,0.0,0,,0.0,0.0,0,0.0,,0.0,0,0.0
2025-09-22,AIXC,,breakout,LOSS,-301.59,-1.09,210.21,150.79,,,18558726,True,False,16,2.97,7.35,7.13,8.01,7.11,1260,False,0,09:46 ET,STRONG → ROSS-HALF (0/3 gates),1.5,2,False,0,False,True,False,STOP,-301.59,,conviction,score_0,0,0,0,0,False,0.0,0,,0.0,0.0,,False,0.0,0,,0.0,0.0,0,0.0,,0.0,0,0.0
2025-09-22,BKKT,,breakout,LOSS,-4.53,-0.01,52.11,14.78,,,31843388,True,False,59,3.03,14.15,13.72,15.42,14.14,872,False,0,10:29 ET,STANDARD,2.0,0,False,0,False,True,False,TRAIL,-4.53,,conviction,score_2,2,1,0,1,False,0.0,0,,0.0,0.0,,False,0.0,0,,0.0,0.0,0,0.0,,0.0,0,0.0
2025-09-22,TARA,,breakout,LOSS,-206.27,-1.11,31.03,19.01,,,49482210,True,False,16,3.05,3.86,3.74,4.2,3.73,1600,False,0,09:46 ET,STANDARD → ROSS-HALF (0/3 gates),1.0,0,False,0,False,True,False,STOP,-206.27,,conviction,score_0,0,0,0,0,False,0.0,0,,0.0,0.0,,False,0.0,0,,0.0,0.0,0,0.0,,0.0,0,0.0
2025-09-23,SLE,,breakout,LOSS,-604.39,-1.09,248.48,151.86,,,1255561,True,False,6,2.97,9.02,8.75,9.83,8.72,2054,False,0,09:36 ET,STRONG,3.0,2,False,0,False,True,False,STOP,-604.39,,conviction,score_1,1,1,0,0,False,0.0,0,,0.0,0.0,,False,0.0,0,,0.0,0.0,0,0.0,,0.0,0,0.0
2025-09-23,FLNA,,bull_flag,WIN,48.0,0.13,57.76,42.37,,,47317584,True,False,1,2.9,2.73,2.65,2.97,2.74,4525,False,0,09:31 ET,STANDARD,2.0,0,False,0,False,True,False,TRAIL,48.0,,conviction,score_1,1,1,0,0,False,0.0,0,,0.0,0.0,,False,0.0,0,,0.0,0.0,0,0.0,,0.0,0,0.0
2025-09-24,DBGI,,breakout,LOSS,-28.95,-0.08,59.77,15.29,,,22985558,True,False,1,3.06,4.9,4.75,5.34,4.89,2520,False,0,09:31 ET,STANDARD,2.0,0,False,0,False,True,False,TRAIL,-28.95,,conviction,score_2,2,1,0,1,False,0.0,0,,0.0,0.0,,False,0.0,0,,0.0,0.0,0,0.0,,0.0,0,0.0
2025-09-24,CLPT,,breakout,WIN,126.42,0.34,72.2,37.03,,,26268458,True,False,1,2.98,16.56,16.07,18.05,16.73,745,False,0,09:31 ET,STANDARD,2.0,0,False,0,False,True,False,TRAIL,126.42,,conviction,score_2,2,1,0,1,False,0.0,0,,0.0,0.0,,False,0.0,0,,0.0,0.0,0,0.0,,0.0,0,0.0
2025-09-24,PEPG,,breakout,WIN,254.41,0.69,39.98,59.73,,,37026972,True,False,39,2.99,2.15,2.09,2.35,2.2,5732,False,0,10:09 ET,STANDARD,2.0,1,False,0,False,True,False,TRAIL,254.41,,conviction,score_1,1,0,0,1,False,0.0,0,,0.0,0.0,,False,0.0,0,,0.0,0.0,0,0.0,,0.0,0,0.0
2025-09-25,AIXC,,bull_flag,LOSS,-409.62,-1.11,56.52,5.08,,,18558726,True,False,4,3.03,4.6,4.46,5.01,4.45,2685,False,0,09:34 ET,STANDARD,2.0,0,False,0,False,True,False,STOP,-409.62,,conviction,score_2,2,1,0,1,False,0.0,0,,0.0,0.0,,False,0.0,0,,0.0,0.0,0,0.0,,0.0,0,0.0
2025-09-25,AMPY,,breakout,LOSS,-395.4,-1.07,29.58,28.21,,,34146775,True,False,1,2.91,5.53,5.37,6.03,5.35,2232,False,0,09:31 ET,STANDARD,2.0,0,False,0,False,True,False,STOP,-395.4,,conviction,score_1,1,0,0,1,False,0.0,0,,0.0,0.0,,False,0.0,0,,0.0,0.0,0,0.0,,0.0,0,0.0
2025-09-26,AQMS,,breakout,WIN,301.17,0.81,71.34,37.03,,,3035219,True,False,6,3.07,5.57,5.4,6.07,5.71,2216,False,0,09:36 ET,STANDARD,2.0,0,False,0,False,True,False,TRAIL,301.17,,conviction,score_1,1,0,0,1,False,0.0,0,,0.0,0.0,,False,0.0,0,,0.0,0.0,0,0.0,,0.0,0,0.0
2025-09-26,BIAF,,breakout,LOSS,-414.13,-1.12,113.78,11.56,,,4421124,True,False,1,3.06,6.63,6.43,7.23,6.41,1861,False,0,09:31 ET,STANDARD,2.0,0,True,3,False,True,False,STOP,-414.13,,conviction,score_2,2,1,0,1,False,0.0,0,,0.0,0.0,,False,0.0,0,,0.0,0.0,0,0.0,,0.0,0,0.0
2025-09-26,JFB,,breakout,LOSS,-598.12,-1.08,34.59,404.46,,,5080408,True,False,32,2.94,5.92,5.75,6.46,5.73,3127,False,0,10:02 ET,STRONG,3.0,2,False,0,False,True,False,STOP,-598.12,,conviction,score_1,1,0,0,1,False,0.0,0,,0.0,0.0,,False,0.0,0,,0.0,0.0,0,0.0,,0.0,0,0.0
2025-09-26,MRM,,breakout,WIN,284.57,1.54,206.9,29.9,,,5821999,True,False,2,2.99,4.12,4.0,4.49,4.31,1497,False,0,09:32 ET,STANDARD → ROSS-HALF (0/3 gates),1.0,0,True,3,False,True,False,TRAIL,284.57,,conviction,score_0,0,0,0,0,False,0.0,0,,0.0,0.0,,False,0.0,0,,0.0,0.0,0,0.0,,0.0,0,0.0
2025-09-26,TDIC,,breakout,WIN,384.26,1.04,22.96,64.07,,,6216296,True,False,41,3.04,6.34,6.15,6.91,6.54,1947,False,0,10:11 ET,STANDARD,2.0,1,False,0,False,True,False,TRAIL,384.26,,conviction,score_1,1,0,0,1,False,0.0,0,,0.0,0.0,,False,0.0,0,,0.0,0.0,0,0.0,,0.0,0,0.0
2025-09-26,EGG,,breakout,LOSS,-412.09,-1.11,15.99,14.41,,,8255093,True,False,1,3.05,7.37,7.15,8.04,7.13,1674,False,0,09:31 ET,STANDARD,2.0,0,False,0,False,True,False,STOP,-412.09,,conviction,score_1,1,0,0,1,False,0.0,0,,0.0,0.0,,False,0.0,0,,0.0,0.0,0,0.0,,0.0,0,0.0
2025-09-29,SPRB,,breakout,LOSS,-4.76,-0.01,31.61,11.08,,,2651600,True,False,157,3.01,9.09,8.82,9.91,9.09,1358,False,0,12:07 ET,STANDARD,2.0,0,False,0,False,True,False,TRAIL,-4.76,,conviction,score_1,1,0,0,1,False,0.0,0,,0.0,0.0,,False,0.0,0,,0.0,0.0,0,0.0,,0.0,0,0.0
2025-09-29,DWTX,,breakout,LOSS,-301.97,-1.09,72.1,2412.85,,,5071358,True,False,16,2.97,8.66,8.4,9.44,8.37,1069,False,0,09:46 ET,STRONG → ROSS-HALF (0/3 gates),1.5,2,False,0,False,True,False,STOP,-301.97,,conviction,score_0,0,0,0,0,False,0.0,0,,0.0,0.0,,False,0.0,0,,0.0,0.0,0,0.0,,0.0,0,0.0
2025-09-29,ENTA,,breakout,WIN,157.4,0.43,94.18,66.76,,,20059139,True,False,36,2.98,9.0,8.73,9.81,9.11,1372,False,0,10:06 ET,STANDARD,2.0,1,False,0,False,True,False,TRAIL,157.4,,conviction,score_2,2,1,0,1,False,0.0,0,,0.0,0.0,,False,0.0,0,,0.0,0.0,0,0.0,,0.0,0,0.0
2025-09-29,AVTX,,breakout,WIN,323.45,0.87,30.28,13.26,,,40251561,True,False,58,3.0,13.22,12.82,14.41,13.56,934,False,0,10:28 ET,STANDARD,2.0,0,False,0,False,True,False,TRAIL,323.45,,conviction,score_1,1,1,0,0,False,0.0,0,,0.0,0.0,,False,0.0,0,,0.0,0.0,0,0.0,,0.0,0,0.0
2025-09-30,IBG,,breakout,LOSS,-407.74,-1.1,70.79,8.01,,,400881,True,False,2,3.01,4.27,4.14,4.65,4.13,2893,False,0,09:32 ET,STANDARD,2.0,0,False,0,False,True,False,STOP,-407.74,,conviction,score_1,1,1,0,0,False,0.0,0,,0.0,0.0,,False,0.0,0,,0.0,0.0,0,0.0,,0.0,0,0.0
2025-09-30,DPRO,,breakout,LOSS,-405.81,-1.1,37.41,28.74,,,30544825,True,False,1,3.0,8.94,8.67,9.74,8.64,1381,False,0,09:31 ET,STANDARD,2.0,0,False,0,False,True,False,STOP,-405.81,,conviction,score_2,2,1,0,1,False,0.0,0,,0.0,0.0,,False,0.0,0,,0.0,0.0,0,0.0,,0.0,0,0.0
2025-09-30,MLTX,,breakout,WIN,586.42,1.58,19.78,11.02,,,39260563,True,False,138,3.06,6.86,6.65,7.48,7.19,1800,False,0,11:48 ET,STANDARD,2.0,0,False,0,False,True,False,TRAIL,586.42,shooting_star,conviction,score_2,2,1,0,1,False,0.0,0,,0.0,0.0,,False,0.0,0,,0.0,0.0,0,0.0,,0.0,0,0.0
2025-10-02,BQ,,breakout,LOSS,-407.76,-1.1,150.78,5.9,,,2848961,True,False,24,3.01,11.02,10.69,12.01,10.66,1120,False,0,09:54 ET,STANDARD,2.0,0,False,0,False,True,False,STOP,-407.76,,conviction,score_1,1,0,0,1,False,0.0,0,,0.0,0.0,,False,0.0,0,,0.0,0.0,0,0.0,,0.0,0,0.0
2025-10-02,PHOE,,breakout,LOSS,-406.26,-1.1,27.5,7.55,,,5500008,True,False,91,3.0,10.18,9.87,11.09,9.84,1213,False,0,11:01 ET,STANDARD,2.0,0,False,0,False,True,False,STOP,-406.26,,conviction,score_1,1,0,0,1,False,0.0,0,,0.0,0.0,,False,0.0,0,,0.0,0.0,0,0.0,,0.0,0,0.0
2025-10-02,BTTC,,breakout,WIN,3140.43,8.48,745.99,21.9,,,10774621,True,False,76,3.01,15.99,15.51,17.43,20.06,772,False,0,10:46 ET,STANDARD,2.0,0,False,0,False,True,False,TRAIL,3140.43,,conviction,score_1,1,0,0,1,False,0.0,0,,0.0,0.0,,False,0.0,0,,0.0,0.0,0,0.0,,0.0,0,0.0
2025-10-02,ANGO,,breakout,LOSS,-200.62,-1.08,15.27,8.09,,,34610729,True,False,2,2.96,12.31,11.95,13.42,11.91,501,False,0,09:32 ET,STANDARD → ROSS-HALF (0/3 gates),1.0,0,False,0,False,True,False,STOP,-200.62,,conviction,score_0,0,0,0,0,False,0.0,0,,0.0,0.0,,False,0.0,0,,0.0,0.0,0,0.0,,0.0,0,0.0
2025-10-03,ASTC,,bull_flag,WIN,1093.84,1.97,66.53,1774.59,,,1300056,True,False,1,3.02,6.94,6.73,7.56,7.35,2669,False,0,09:31 ET,STRONG,3.0,2,True,3,False,True,False,TRAIL,1093.84,,conviction,score_2,2,1,0,1,False,0.0,0,,0.0,0.0,,False,0.0,0,,0.0,0.0,0,0.0,,0.0,0,0.0
2025-10-03,EPSM,,breakout,LOSS,-405.63,-1.1,163.4,10.53,,,2072651,True,False,5,3.0,17.15,16.64,18.7,16.59,719,False,0,09:35 ET,STANDARD,2.0,0,False,0,False,True,False,STOP,-405.63,,conviction,score_1,1,0,0,1,False,0.0,0,,0.0,0.0,,False,0.0,0,,0.0,0.0,0,0.0,,0.0,0,0.0
2025-10-03,XELB,,breakout,LOSS,-397.89,-1.07,53.75,69.07,,,4147842,True,False,3,2.93,2.38,2.31,2.59,2.3,5189,False,0,09:33 ET,STANDARD,2.0,1,True,3,False,True,False,STOP,-397.89,,conviction,score_1,1,1,0,0,False,0.0,0,,0.0,0.0,,False,0.0,0,,0.0,0.0,0,0.0,,0.0,0,0.0
2025-10-03,MRAM,,breakout,WIN,232.49,0.63,17.9,8.76,,,16484116,True,False,99,2.98,11.5,11.16,12.54,11.72,1073,False,0,11:09 ET,STANDARD,2.0,0,False,0,False,True,False,TRAIL,232.49,,conviction,score_2,2,1,0,1,False,0.0,0,,0.0,0.0,,False,0.0,0,,0.0,0.0,0,0.0,,0.0,0,0.0
2025-10-06,DRMA,,breakout,LOSS,-407.14,-1.1,20.78,62.93,,,3169006,True,False,284,3.01,5.7,5.53,6.21,5.51,2166,False,0,14:14 ET,STANDARD,2.0,1,False,0,False,True,False,STOP,-407.14,,conviction,score_1,1,0,0,1,False,0.0,0,,0.0,0.0,,False,0.0,0,,0.0,0.0,0,0.0,,0.0,0,0.0
2025-10-06,GRAN,,breakout,LOSS,-400.84,-1.08,30.22,21.54,,,4712263,True,False,115,2.96,3.99,3.87,4.35,3.86,3096,False,0,11:25 ET,STANDARD,2.0,0,False,0,False,True,False,STOP,-400.84,,conviction,score_2,2,1,0,1,False,0.0,0,,0.0,0.0,,False,0.0,0,,0.0,0.0,0,0.0,,0.0,0,0.0
2025-10-06,AMDY,,breakout,LOSS,-408.27,-1.1,28.74,6.22,,,0,False,False,16,3.02,9.76,9.47,10.64,9.44,1264,False,0,09:46 ET,STANDARD,2.0,0,False,0,False,True,False,STOP,-408.27,,conviction,score_1,1,0,0,1,False,0.0,0,,0.0,0.0,,False,0.0,0,,0.0,0.0,0,0.0,,0.0,0,0.0
2025-10-07,CISS,,breakout,WIN,1001.07,3.6,168.77,225.76,,,323160,True,False,7,2.95,3.28,3.18,3.57,3.63,2826,False,0,09:37 ET,STRONG → ROSS-HALF (0/3 gates),1.5,2,False,0,False,True,False,TRAIL,1001.07,,conviction,score_0,0,0,0,0,False,0.0,0,,0.0,0.0,,False,0.0,0,,0.0,0.0,0,0.0,,0.0,0,0.0
2025-10-07,UPC,,breakout,LOSS,-397.37,-1.07,16.03,7.08,,,491450,True,False,77,2.93,5.5,5.34,6.0,5.32,2245,False,0,10:47 ET,STANDARD,2.0,0,False,0,False,True,False,STOP,-397.37,,conviction,score_2,2,1,0,1,False,0.0,0,,0.0,0.0,,False,0.0,0,,0.0,0.0,0,0.0,,0.0,0,0.0
2025-10-07,TCRT,,breakout,WIN,331.53,0.89,24.8,6.04,,,1908094,True,False,158,2.98,2.9,2.81,3.16,2.97,4263,False,0,12:08 ET,STANDARD,2.0,0,False,0,False,True,False,TRAIL,331.53,,conviction,score_1,1,0,0,1,False,0.0,0,,0.0,0.0,,False,0.0,0,,0.0,0.0,0,0.0,,0.0,0,0.0
2025-10-07,EGAN,,breakout,WIN,202.76,0.55,25.95,11.56,,,15042644,True,False,85,2.96,11.58,11.24,12.63,11.77,1066,False,0,10:55 ET,STANDARD,2.0,0,False,0,False,True,False,TRAIL,202.76,bearish_engulfing,conviction,score_2,2,1,0,1,False,0.0,0,,0.0,0.0,,False,0.0,0,,0.0,0.0,0,0.0,,0.0,0,0.0
2025-10-07,THH,,breakout,LOSS,-398.59,-1.08,25.2,9.48,,,20654588,True,False,64,2.94,7.3,7.09,7.96,7.07,1690,False,0,10:34 ET,STANDARD,2.0,0,False,0,False,True,False,STOP,-398.59,,conviction,score_1,1,0,0,1,False,0.0,0,,0.0,0.0,,False,0.0,0,,0.0,0.0,0,0.0,,0.0,0,0.0
2025-10-07,LXEO,,breakout,LOSS,-411.45,-1.11,37.25,15.31,,,47506374,True,False,3,3.04,8.45,8.19,9.21,8.17,1462,False,0,09:33 ET,STANDARD,2.0,0,False,0,False,True,False,STOP,-411.45,,conviction,score_1,1,1,0,0,False,0.0,0,,0.0,0.0,,False,0.0,0,,0.0,0.0,0,0.0,,0.0,0,0.0
2025-10-08,UPC,,breakout,LOSS,-606.19,-1.09,112.77,124.62,,,491450,True,False,105,2.98,10.42,10.11,11.36,10.08,1777,False,0,11:15 ET,STRONG,3.0,2,True,3,False,True,False,STOP,-606.19,,conviction,score_1,1,1,0,0,False,0.0,0,,0.0,0.0,,False,0.0,0,,0.0,0.0,0,0.0,,0.0,0,0.0
2025-10-08,ALOY,,breakout,LOSS,-201.02,-1.09,30.23,20.19,,,22868453,True,False,1,2.96,7.96,7.72,8.67,7.7,776,False,0,09:31 ET,STANDARD → ROSS-HALF (0/3 gates),1.0,0,False,0,False,True,False,STOP,-201.02,,conviction,score_0,0,0,0,0,False,0.0,0,,0.0,0.0,,False,0.0,0,,0.0,0.0,0,0.0,,0.0,0,0.0
2025-10-08,NERV,,bull_flag,LOSS,-407.69,-1.1,50.91,62.46,,,30871076,True,False,87,3.01,2.85,2.76,3.1,2.75,4339,False,0,10:57 ET,STANDARD,2.0,1,False,0,False,True,False,STOP,-407.69,,conviction,score_2,2,1,0,1,False,0.0,0,,0.0,0.0,,False,0.0,0,,0.0,0.0,0,0.0,,0.0,0,0.0
2025-10-09,BJDX,,breakout,WIN,176.38,0.95,122.99,67.92,,,844452,True,False,3,3.0,3.93,3.81,4.28,4.04,1572,False,0,09:33 ET,STANDARD → ROSS-HALF (0/3 gates),1.0,1,True,3,False,True,False,TRAIL,176.38,,conviction,score_0,0,0,0,0,False,0.0,0,,0.0,0.0,,False,0.0,0,,0.0,0.0,0,0.0,,0.0,0,0.0
2025-10-09,BAOS,,breakout,LOSS,-407.62,-1.1,57.7,19.86,,,937633,True,False,12,3.01,4.98,4.83,5.43,4.82,2479,False,0,09:42 ET,STANDARD,2.0,0,True,3,False,True,False,STOP,-407.62,,conviction,score_2,2,1,0,1,False,0.0,0,,0.0,0.0,,False,0.0,0,,0.0,0.0,0,0.0,,0.0,0,0.0
2025-10-09,AMBO,,breakout,WIN,86.62,0.23,61.06,15.58,,,33849623,True,False,32,3.0,5.0,4.85,5.45,5.03,2470,False,0,10:02 ET,STANDARD,2.0,0,True,3,False,True,False,TRAIL,86.62,,conviction,score_1,1,1,0,0,False,0.0,0,,0.0,0.0,,False,0.0,0,,0.0,0.0,0,0.0,,0.0,0,0.0
2025-10-10,YHGJ,,bull_flag,WIN,316.74,0.86,71.5,61.81,,,473682,True,False,211,3.02,9.22,8.94,10.05,9.45,1339,False,0,13:01 ET,STANDARD,2.0,1,True,3,False,True,False,TRAIL,316.74,,conviction,score_2,2,1,0,1,False,0.0,0,,0.0,0.0,,False,0.0,0,,0.0,0.0,0,0.0,,0.0,0,0.0
2025-10-10,OLOX,,breakout,WIN,432.23,1.17,127.78,75.13,,,549954,True,False,60,2.97,6.54,6.35,7.13,6.77,1887,False,0,10:30 ET,STANDARD,2.0,1,False,0,False,True,False,TRAIL,432.23,,conviction,score_2,2,1,0,1,False,0.0,0,,0.0,0.0,,False,0.0,0,,0.0,0.0,0,0.0,,0.0,0,0.0
2025-10-10,SLE,,breakout,LOSS,-12.82,-0.07,43.82,8.6,,,1255561,True,False,1,3.08,4.86,4.71,5.3,4.85,1270,False,0,09:31 ET,STANDARD → ROSS-HALF (0/3 gates),1.0,0,False,0,False,True,False,TRAIL,-12.82,,conviction,score_0,0,0,0,0,False,0.0,0,,0.0,0.0,,False,0.0,0,,0.0,0.0,0,0.0,,0.0,0,0.0
2025-10-10,GWH,,breakout,LOSS,-301.14,-1.08,209.88,462.11,,,21896613,True,False,1,2.96,3.6,3.49,3.92,3.48,2575,False,0,09:31 ET,STRONG → ROSS-HALF (0/3 gates),1.5,2,False,0,False,True,False,STOP,-301.14,,conviction,score_0,0,0,0,0,False,0.0,0,,0.0,0.0,,False,0.0,0,,0.0,0.0,0,0.0,,0.0,0,0.0
2025-10-10,FEAM,,breakout,WIN,161.75,0.44,50.6,12.15,,,22383763,True,False,177,2.98,5.4,5.24,5.89,5.47,2286,False,0,12:27 ET,STANDARD,2.0,0,False,0,False,True,False,TRAIL,161.75,,conviction,score_2,2,1,0,1,False,0.0,0,,0.0,0.0,,False,0.0,0,,0.0,0.0,0,0.0,,0.0,0,0.0
2025-10-13,STI,,breakout,LOSS,-201.59,-1.09,404.52,30.4,,,2466690,True,False,16,2.97,9.96,9.66,10.85,9.63,620,False,0,09:46 ET,STANDARD → ROSS-HALF (0/3 gates),1.0,0,False,0,False,True,False,STOP,-201.59,,conviction,score_0,0,0,0,0,False,0.0,0,,0.0,0.0,,False,0.0,0,,0.0,0.0,0,0.0,,0.0,0,0.0
2025-10-13,NAMM,,breakout,WIN,558.47,1.51,56.65,70.95,,,7061497,True,False,16,3.05,3.86,3.74,4.2,4.03,3201,False,0,09:46 ET,STANDARD,2.0,1,False,0,False,True,False,TRAIL,558.47,,conviction,score_1,1,1,0,0,False,0.0,0,,0.0,0.0,,False,0.0,0,,0.0,0.0,0,0.0,,0.0,0,0.0
2025-10-13,PSIG,,breakout,WIN,795.52,2.15,1201.31,6.68,,,9531629,True,False,28,2.97,5.42,5.26,5.91,5.77,2278,False,0,09:58 ET,STANDARD,2.0,0,False,0,False,True,False,TRAIL,795.52,,conviction,score_1,1,0,0,1,False,0.0,0,,0.0,0.0,,False,0.0,0,,0.0,0.0,0,0.0,,0.0,0,0.0
2025-10-13,GWH,,bull_flag,LOSS,-412.63,-1.11,233.41,16.33,,,21896613,True,False,16,3.05,6.66,6.46,7.26,6.44,1853,False,0,09:46 ET,STANDARD,2.0,0,False,0,False,True,False,STOP,-412.63,,conviction,score_2,2,1,0,1,False,0.0,0,,0.0,0.0,,False,0.0,0,,0.0,0.0,0,0.0,,0.0,0,0.0
2025-10-13,ALOY,,breakout,LOSS,-409.39,-1.11,71.17,61.55,,,22868453,True,False,246,3.02,11.68,11.33,12.73,11.3,1057,False,0,13:36 ET,STANDARD,2.0,1,False,0,False,True,False,STOP,-409.39,,conviction,score_2,2,1,0,1,False,0.0,0,,0.0,0.0,,False,0.0,0,,0.0,0.0,0,0.0,,0.0,0,0.0
2025-10-14,JDZG,,breakout,LOSS,-616.52,-1.11,67.55,317.32,,,361014,True,False,2,3.04,2.82,2.73,3.07,2.72,6579,False,0,09:32 ET,STRONG,3.0,2,True,3,False,True,False,STOP,-616.52,,conviction,score_1,1,1,0,0,False,0.0,0,,0.0,0.0,,False,0.0,0,,0.0,0.0,0,0.0,,0.0,0,0.0
2025-10-14,JTAI,,breakout,LOSS,-421.79,-1.14,18.18,5.94,,,1372458,True,False,125,3.13,3.08,2.98,3.35,2.97,4014,False,0,11:35 ET,STANDARD,2.0,0,False,0,False,True,False,STOP,-421.79,,conviction,score_2,2,1,0,1,False,0.0,0,,0.0,0.0,,False,0.0,0,,0.0,0.0,0,0.0,,0.0,0,0.0
2025-10-14,EDBL,,breakout,LOSS,-392.25,-1.06,18.1,6.51,,,1521268,True,False,171,2.88,2.23,2.17,2.44,2.16,5527,False,0,12:21 ET,STANDARD,2.0,0,False,0,False,True,False,STOP,-392.25,,conviction,score_2,2,1,0,1,False,0.0,0,,0.0,0.0,,False,0.0,0,,0.0,0.0,0,0.0,,0.0,0,0.0
2025-10-14,AWX,,breakout,LOSS,-619.06,-1.11,97.45,3234.9,,,1915673,True,False,166,3.05,3.16,3.06,3.44,3.05,5869,False,0,12:16 ET,STRONG,3.0,2,False,0,False,True,False,STOP,-619.06,,conviction,score_1,1,0,0,1,False,0.0,0,,0.0,0.0,,False,0.0,0,,0.0,0.0,0,0.0,,0.0,0,0.0
2025-10-14,AQMS,,breakout,LOSS,-229.45,-1.24,297.58,13.26,,,3035219,True,False,1,1.24,16.34,16.14,16.95,16.09,914,False,0,09:31 ET,STANDARD → ROSS-HALF (0/3 gates),1.0,0,True,3,False,True,False,STOP,-229.45,,conviction,score_0,0,0,0,0,False,0.0,0,,0.0,0.0,,False,0.0,0,,0.0,0.0,0,0.0,,0.0,0,0.0
2025-10-14,FABC,,breakout,LOSS,-205.45,-1.11,42.86,16.91,,,4845978,True,False,1,3.04,6.69,6.49,7.3,6.47,922,False,0,09:31 ET,STANDARD → ROSS-HALF (0/3 gates),1.0,0,False,0,False,True,False,STOP,-205.45,,conviction,score_0,0,0,0,0,False,0.0,0,,0.0,0.0,,False,0.0,0,,0.0,0.0,0,0.0,,0.0,0,0.0
2025-10-14,RMCO,,breakout,LOSS,-417.75,-1.13,52.56,12.05,,,6581522,True,False,4,3.09,3.46,3.35,3.77,3.34,3572,False,0,09:34 ET,STANDARD,2.0,0,False,0,False,True,False,STOP,-417.75,,conviction,score_1,1,0,0,1,False,0.0,0,,0.0,0.0,,False,0.0,0,,0.0,0.0,0,0.0,,0.0,0,0.0
2025-10-15,SDOT,,breakout,WIN,83.54,0.45,150.87,58.13,,,665850,True,False,1,2.98,11.52,11.18,12.56,11.68,535,False,0,09:31 ET,STANDARD → ROSS-HALF (0/3 gates),1.0,1,False,0,False,True,False,TRAIL,83.54,,conviction,score_0,0,0,0,0,False,0.0,0,,0.0,0.0,,False,0.0,0,,0.0,0.0,0,0.0,,0.0,0,0.0
2025-10-15,AUC,,breakout,WIN,456.16,1.23,32.68,37.21,,,1019374,True,False,143,2.95,9.09,8.82,9.91,9.42,1358,False,0,11:53 ET,STANDARD,2.0,0,False,0,False,True,False,TRAIL,456.16,,conviction,score_1,1,0,0,1,False,0.0,0,,0.0,0.0,,False,0.0,0,,0.0,0.0,0,0.0,,0.0,0,0.0
2025-10-15,RAIN,,breakout,WIN,471.79,1.27,40.21,6.54,,,2007165,True,False,163,3.06,5.59,5.42,6.09,5.8,2208,False,0,12:13 ET,STANDARD,2.0,0,False,0,False,True,False,TRAIL,471.79,,conviction,score_1,1,0,0,1,False,0.0,0,,0.0,0.0,,False,0.0,0,,0.0,0.0,0,0.0,,0.0,0,0.0
2025-10-15,PFAI,,breakout,LOSS,-595.76,-1.07,158.12,253.8,,,3566629,True,False,21,2.92,3.85,3.74,4.2,3.73,4808,False,0,09:51 ET,STRONG,3.0,2,False,0,False,True,False,STOP,-595.76,,conviction,score_1,1,1,0,0,False,0.0,0,,0.0,0.0,,False,0.0,0,,0.0,0.0,0,0.0,,0.0,0,0.0
2025-10-15,COOT,,breakout,LOSS,-202.93,-1.1,366.32,56.35,,,5954664,True,False,1,3.0,3.94,3.82,4.29,3.81,1568,False,0,09:31 ET,STANDARD → ROSS-HALF (0/3 gates),1.0,1,False,0,False,True,False,STOP,-202.93,,conviction,score_0,0,0,0,0,False,0.0,0,,0.0,0.0,,False,0.0,0,,0.0,0.0,0,0.0,,0.0,0,0.0
2025-10-15,SEED,,breakout,LOSS,-193.87,-1.05,73.52,52.85,,,6871048,True,False,1,2.85,2.26,2.2,2.47,2.19,2726,False,0,09:31 ET,STANDARD → ROSS-HALF (0/3 gates),1.0,1,False,0,False,True,False,STOP,-193.87,,conviction,score_0,0,0,0,0,False,0.0,0,,0.0,0.0,,False,0.0,0,,0.0,0.0,0,0.0,,0.0,0,0.0
2025-10-15,FOSL,,breakout,WIN,161.61,0.44,66.04,28.84,,,47737912,True,False,1,3.09,3.12,3.02,3.4,3.16,3963,False,0,09:31 ET,STANDARD,2.0,0,False,0,False,True,False,TRAIL,161.61,,conviction,score_1,1,0,0,1,False,0.0,0,,0.0,0.0,,False,0.0,0,,0.0,0.0,0,0.0,,0.0,0,0.0
2025-10-16,UZX,,breakout,WIN,145.58,0.52,87.88,185.73,,,1930112,True,False,1,2.9,2.96,2.87,3.22,3.0,3133,False,0,09:31 ET,STRONG → ROSS-HALF (0/3 gates),1.5,2,False,0,False,True,False,TRAIL,145.58,,conviction,score_0,0,0,0,0,False,0.0,0,,0.0,0.0,,False,0.0,0,,0.0,0.0,0,0.0,,0.0,0,0.0
2025-10-16,WATT,,breakout,WIN,203.19,1.1,63.03,38.64,,,3876397,True,False,1,2.95,9.81,9.52,10.69,10.13,629,False,0,09:31 ET,STANDARD → ROSS-HALF (0/3 gates),1.0,0,False,0,False,True,False,TRAIL,203.19,,conviction,score_0,0,0,0,0,False,0.0,0,,0.0,0.0,,False,0.0,0,,0.0,0.0,0,0.0,,0.0,0,0.0
2025-10-16,MTEN,,bull_flag,WIN,868.44,2.34,56.27,7.83,,,5007922,True,False,67,3.11,4.16,4.03,4.53,4.45,2969,False,0,10:37 ET,STANDARD,2.0,0,False,0,False,True,False,TRAIL,868.44,,conviction,score_1,1,0,0,1,False,0.0,0,,0.0,0.0,,False,0.0,0,,0.0,0.0,0,0.0,,0.0,0,0.0
2025-10-16,PMEC,,bull_flag,LOSS,-396.73,-1.07,23.86,9.17,,,5529117,True,False,11,2.92,2.2,2.14,2.4,2.13,5602,False,0,09:41 ET,STANDARD,2.0,0,False,0,False,True,False,STOP,-396.73,,conviction,score_1,1,0,0,1,False,0.0,0,,0.0,0.0,,False,0.0,0,,0.0,0.0,0,0.0,,0.0,0,0.0
2025-10-16,CREX,,bull_flag,LOSS,-420.63,-1.14,20.3,20.12,,,8184032,True,False,2,3.12,3.09,2.99,3.36,2.98,4001,False,0,09:32 ET,STANDARD,2.0,0,False,0,False,True,False,STOP,-420.63,,conviction,score_2,2,1,0,1,False,0.0,0,,0.0,0.0,,False,0.0,0,,0.0,0.0,0,0.0,,0.0,0,0.0
2025-10-16,WHWK,,breakout,LOSS,-589.09,-1.06,79.52,791.53,,,18148967,True,False,2,2.89,3.35,3.25,3.65,3.24,5535,False,0,09:32 ET,STRONG,3.0,2,False,0,False,True,False,STOP,-589.09,,conviction,score_1,1,1,0,0,False,0.0,0,,0.0,0.0,,False,0.0,0,,0.0,0.0,0,0.0,,0.0,0,0.0
2025-10-17,ARTV,,breakout,LOSS,-14.69,-0.05,165.7,121.49,,,5997500,True,False,1,3.0,5.54,5.37,6.03,5.53,1673,False,0,09:31 ET,STRONG → ROSS-HALF (0/3 gates),1.5,2,False,0,False,True,False,TRAIL,-14.69,,conviction,score_0,0,0,0,0,False,0.0,0,,0.0,0.0,,False,0.0,0,,0.0,0.0,0,0.0,,0.0,0,0.0
2025-10-17,SDA,,breakout,LOSS,-412.71,-1.11,27.89,6.55,,,34117030,True,False,3,3.05,2.1,2.04,2.29,2.03,5869,False,0,09:33 ET,STANDARD,2.0,0,False,0,False,True,False,STOP,-412.71,,conviction,score_1,1,0,0,1,False,0.0,0,,0.0,0.0,,False,0.0,0,,0.0,0.0,0,0.0,,0.0,0,0.0
2025-10-17,SGHT,,breakout,WIN,232.44,0.63,39.13,16.26,,,35374624,True,False,2,3.02,3.9,3.78,4.25,3.97,3168,False,0,09:32 ET,STANDARD,2.0,0,False,0,False,True,False,TRAIL,232.44,,conviction,score_1,1,0,0,1,False,0.0,0,,0.0,0.0,,False,0.0,0,,0.0,0.0,0,0.0,,0.0,0,0.0
2025-10-20,ANRO,,breakout,LOSS,-408.84,-1.1,100.49,7.71,,,23950912,True,False,16,3.02,8.33,8.08,9.08,8.06,1482,False,0,09:46 ET,STANDARD,2.0,0,False,0,False,True,False,STOP,-408.84,,conviction,score_2,2,1,0,1,False,0.0,0,,0.0,0.0,,False,0.0,0,,0.0,0.0,0,0.0,,0.0,0,0.0
2025-10-20,GSIT,,breakout,WIN,1563.38,2.81,257.28,473.33,,,29653146,True,False,17,3.05,9.11,8.83,9.93,9.88,2033,False,0,09:47 ET,STRONG,3.0,2,False,0,False,True,False,TRAIL,1563.38,,conviction,score_2,2,1,0,1,False,0.0,0,,0.0,0.0,,False,0.0,0,,0.0,0.0,0,0.0,,0.0,0,0.0
2025-10-21,BOF,,breakout,LOSS,-633.16,-1.14,44.15,866.88,,,11499275,True,False,6,3.13,2.74,2.65,2.98,2.64,6771,False,0,09:36 ET,STRONG,3.0,2,False,0,False,True,False,STOP,-633.16,,conviction,score_1,1,1,0,0,False,0.0,0,,0.0,0.0,,False,0.0,0,,0.0,0.0,0,0.0,,0.0,0,0.0
2025-10-21,GSIT,,breakout,WIN,42.16,0.11,32.15,15.05,,,29653146,True,False,1,3.01,16.39,15.9,17.87,16.45,753,False,0,09:31 ET,STANDARD,2.0,0,False,0,False,True,False,TRAIL,42.16,,conviction,score_1,1,1,0,0,False,0.0,0,,0.0,0.0,,False,0.0,0,,0.0,0.0,0,0.0,,0.0,0,0.0
2025-10-21,NERV,,breakout,LOSS,-609.25,-1.1,368.42,354.99,,,30871076,True,False,1,3.0,7.14,6.93,7.79,6.91,2592,False,0,09:31 ET,STRONG,3.0,2,False,0,False,True,False,STOP,-609.25,,conviction,score_2,2,1,0,1,False,0.0,0,,0.0,0.0,,False,0.0,0,,0.0,0.0,0,0.0,,0.0,0,0.0
2025-10-22,GDTC,,breakout,LOSS,-403.25,-1.09,43.19,20.58,,,1838139,True,False,1,2.97,2.88,2.79,3.13,2.78,4294,False,0,09:31 ET,STANDARD,2.0,0,False,0,False,True,False,STOP,-403.25,,conviction,score_1,1,0,0,1,False,0.0,0,,0.0,0.0,,False,0.0,0,,0.0,0.0,0,0.0,,0.0,0,0.0
2025-10-22,BNBX,,breakout,LOSS,-408.56,-1.1,80.41,63.65,,,5353337,True,False,6,3.02,6.03,5.85,6.57,5.83,2047,False,0,09:36 ET,STANDARD,2.0,1,True,3,False,True,False,STOP,-408.56,,conviction,score_2,2,1,0,1,False,0.0,0,,0.0,0.0,,False,0.0,0,,0.0,0.0,0,0.0,,0.0,0,0.0
2025-10-22,COYA,,breakout,WIN,377.74,1.02,16.69,6.59,,,17542923,True,False,12,3.04,7.04,6.83,7.68,7.27,1753,False,0,09:42 ET,STANDARD,2.0,0,False,0,False,True,False,TRAIL,390.52,,conviction,score_2,2,1,0,1,True,7.1337,1731,TRAIL,7.1264,-12.78,shooting_star,False,0.0,0,,0.0,0.0,0,0.0,,0.0,0,0.0
2025-10-23,VCIG,,breakout,WIN,900.7,2.43,49.15,6.0,,,20769,True,False,16,2.99,2.87,2.78,3.12,3.07,4309,False,0,09:46 ET,STANDARD,2.0,0,False,0,False,True,False,TRAIL,900.7,,conviction,score_2,2,1,0,1,False,0.0,0,,0.0,0.0,,False,0.0,0,,0.0,0.0,0,0.0,,0.0,0,0.0
2025-10-23,OLOX,,bull_flag,LOSS,-396.39,-1.07,64.03,9.39,,,549954,True,False,10,2.92,3.47,3.37,3.78,3.36,3557,False,0,09:40 ET,STANDARD,2.0,0,False,0,False,True,False,STOP,-396.39,,conviction,score_2,2,1,0,1,False,0.0,0,,0.0,0.0,,False,0.0,0,,0.0,0.0,0,0.0,,0.0,0,0.0
2025-10-23,GTIM,,breakout,LOSS,-426.58,-1.15,20.81,15.33,,,8420661,True,False,1,3.16,2.02,1.96,2.21,1.95,6101,False,0,09:31 ET,STANDARD,2.0,0,False,0,False,True,False,STOP,-426.58,,conviction,score_1,1,1,0,0,False,0.0,0,,0.0,0.0,,False,0.0,0,,0.0,0.0,0,0.0,,0.0,0,0.0
2025-10-24,MAMK,,breakout,LOSS,-402.17,-1.09,153.51,25.74,,,1775051,True,False,145,2.97,3.31,3.21,3.61,3.2,3733,False,0,11:55 ET,STANDARD,2.0,0,False,0,False,True,False,STOP,-402.17,,conviction,score_2,2,1,0,1,False,0.0,0,,0.0,0.0,,False,0.0,0,,0.0,0.0,0,0.0,,0.0,0,0.0
2025-10-24,LCUT,,breakout,LOSS,-397.31,-1.07,17.19,12.65,,,11294488,True,False,242,2.93,3.67,3.56,4.0,3.55,3367,False,0,13:32 ET,STANDARD,2.0,0,False,0,False,True,False,STOP,-397.31,,conviction,score_2,2,1,0,1,False,0.0,0,,0.0,0.0,,False,0.0,0,,0.0,0.0,0,0.0,,0.0,0,0.0
2025-10-27,MAMK,,breakout,WIN,980.87,2.65,141.59,15.05,,,1775051,True,False,71,3.01,5.67,5.5,6.18,6.12,2177,False,0,10:41 ET,STANDARD,2.0,0,False,0,False,True,False,TRAIL,980.87,,conviction,score_2,2,1,0,1,False,0.0,0,,0.0,0.0,,False,0.0,0,,0.0,0.0,0,0.0,,0.0,0,0.0
2025-10-28,WKEY,,breakout,WIN,2805.15,7.58,63.32,36.15,,,3972868,True,False,10,3.04,12.7,12.31,13.84,14.65,972,False,0,09:40 ET,STANDARD,2.0,0,False,0,False,True,False,TRAIL,1904.79,,conviction,score_1,1,0,0,1,True,13.5921,908,TRAIL,14.5837,900.36,,False,0.0,0,,0.0,0.0,0,0.0,,0.0,0,0.0
2025-10-28,DZZ,,bull_flag,LOSS,-407.8,-1.1,48.46,6.06,,,0,False,False,8,3.01,11.43,11.09,12.46,11.06,1080,False,0,09:38 ET,STANDARD,2.0,0,False,0,False,True,False,STOP,-407.8,,conviction,score_2,2,1,0,1,False,0.0,0,,0.0,0.0,,False,0.0,0,,0.0,0.0,0,0.0,,0.0,0,0.0
2025-10-29,ERNA,,breakout,WIN,1371.5,2.47,128.79,1855.94,,,818089,True,False,1,3.05,2.1,2.04,2.29,2.26,8803,False,0,09:31 ET,STRONG,3.0,2,False,0,False,True,False,TRAIL,1371.5,,conviction,score_1,1,0,0,1,False,0.0,0,,0.0,0.0,,False,0.0,0,,0.0,0.0,0,0.0,,0.0,0,0.0
2025-10-30,CVU,,breakout,LOSS,-605.22,-1.09,97.03,1927.82,,,10792696,True,False,1,2.98,3.96,3.84,4.31,3.83,4680,False,0,09:31 ET,STRONG,3.0,2,True,3,False,True,False,STOP,-605.22,,conviction,score_1,1,0,0,1,False,0.0,0,,0.0,0.0,,False,0.0,0,,0.0,0.0,0,0.0,,0.0,0,0.0
2025-10-30,EBS,,breakout,WIN,24.4,0.13,42.66,9.85,,,49380751,True,False,1,3.01,11.03,10.7,12.02,11.08,559,False,0,09:31 ET,STANDARD → ROSS-HALF (0/3 gates),1.0,0,False,0,False,True,False,TRAIL,24.4,,conviction,score_0,0,0,0,0,False,0.0,0,,0.0,0.0,,False,0.0,0,,0.0,0.0,0,0.0,,0.0,0,0.0
2025-10-31,DFSC,,breakout,LOSS,-848.45,-1.53,37.93,440.03,,,1618864,True,False,13,2.97,5.78,5.61,6.3,5.59,3204,False,0,09:43 ET,STRONG,3.0,2,True,3,False,True,False,STOP,-603.54,,conviction,score_2,2,1,0,1,True,5.8016,2128,TRAIL,5.6865,-244.91,,False,0.0,0,,0.0,0.0,0,0.0,,0.0,0,0.0
2025-10-31,HKD,,breakout,LOSS,-604.41,-1.09,223.67,1028.51,,,30657322,True,False,1,2.97,2.89,2.8,3.15,2.79,6419,False,0,09:31 ET,STRONG,3.0,2,True,3,False,True,False,STOP,-604.41,,conviction,score_1,1,0,0,1,False,0.0,0,,0.0,0.0,,False,0.0,0,,0.0,0.0,0,0.0,,0.0,0,0.0
2025-11-03,PHIO,,breakout,WIN,1.29,0.0,104.39,1496.46,,,11548127,True,False,16,2.91,3.86,3.75,4.21,3.86,4796,False,0,09:46 ET,STRONG,3.0,2,False,0,False,True,False,TRAIL,1.29,,conviction,score_2,2,1,0,1,False,0.0,0,,0.0,0.0,,False,0.0,0,,0.0,0.0,0,0.0,,0.0,0,0.0
2025-11-03,ACRV,,breakout,WIN,176.47,0.48,23.62,30.43,,,27965794,True,False,231,2.99,2.33,2.26,2.54,2.36,5301,False,0,13:21 ET,STANDARD,2.0,0,True,3,False,True,False,TRAIL,176.47,bearish_engulfing,conviction,score_2,2,1,0,1,False,0.0,0,,0.0,0.0,,False,0.0,0,,0.0,0.0,0,0.0,,0.0,0,0.0
2025-11-03,XNDU,,breakout,LOSS,-407.65,-1.1,18.95,35.34,,,35039261,True,False,16,3.01,13.17,12.77,14.35,12.73,938,False,0,09:46 ET,STANDARD,2.0,0,False,0,False,True,False,STOP,-407.65,,conviction,score_1,1,1,0,0,False,0.0,0,,0.0,0.0,,False,0.0,0,,0.0,0.0,0,0.0,,0.0,0,0.0
2025-11-04,MIMI,,breakout,WIN,188.5,0.51,15.74,11.17,,,1380240,True,False,69,2.93,4.77,4.63,5.2,4.84,2589,False,0,10:39 ET,STANDARD,2.0,0,False,0,False,True,False,TRAIL,188.5,,conviction,score_2,2,1,0,1,False,0.0,0,,0.0,0.0,,False,0.0,0,,0.0,0.0,0,0.0,,0.0,0,0.0
2025-11-05,SMX,,bull_flag,LOSS,-399.78,-1.08,63.94,23.93,,,34940,True,False,10,2.95,2.18,2.12,2.38,2.11,5653,False,0,09:40 ET,STANDARD,2.0,0,False,0,False,True,False,STOP,-399.78,,conviction,score_2,2,1,0,1,False,0.0,0,,0.0,0.0,,False,0.0,0,,0.0,0.0,0,0.0,,0.0,0,0.0
2025-11-05,SORA,,breakout,WIN,2637.87,7.12,77.67,36.68,,,9304109,True,False,2,3.04,3.87,3.75,4.22,4.41,3193,False,0,09:32 ET,STANDARD,2.0,0,False,0,False,True,False,TRAIL,1727.46,shooting_star,conviction,score_1,1,0,0,1,True,4.1182,2998,TRAIL,4.4219,910.42,shooting_star,False,0.0,0,,0.0,0.0,0,0.0,,0.0,0,0.0
2025-11-05,NPCE,,breakout,LOSS,-402.11,-1.09,46.91,9.65,,,23311939,True,False,1,2.97,11.92,11.57,13.0,11.54,1035,False,0,09:31 ET,STANDARD,2.0,0,False,0,False,True,False,STOP,-402.11,,conviction,score_1,1,0,0,1,False,0.0,0,,0.0,0.0,,False,0.0,0,,0.0,0.0,0,0.0,,0.0,0,0.0
2025-11-05,UNX,,breakout,LOSS,-408.58,-1.1,37.66,5.27,,,0,False,False,2,3.02,17.03,16.52,18.57,16.47,725,False,0,09:32 ET,STANDARD,2.0,0,False,0,False,True,False,STOP,-408.58,,conviction,score_1,1,0,0,1,False,0.0,0,,0.0,0.0,,False,0.0,0,,0.0,0.0,0,0.0,,0.0,0,0.0
2025-11-06,GDTC,,breakout,WIN,205.06,0.55,46.92,10.39,,,1838139,True,False,1,2.86,2.55,2.48,2.78,2.6,4837,False,0,09:31 ET,STANDARD,2.0,0,False,0,False,True,False,TRAIL,205.06,,conviction,score_2,2,1,0,1,False,0.0,0,,0.0,0.0,,False,0.0,0,,0.0,0.0,0,0.0,,0.0,0,0.0
2025-11-07,BBGI,,breakout,LOSS,-416.38,-1.12,20.52,8.7,,,641709,True,False,220,3.08,5.55,5.38,6.05,5.36,2224,False,0,13:10 ET,STANDARD,2.0,0,False,0,False,True,False,STOP,-416.38,,conviction,score_1,1,0,0,1,False,0.0,0,,0.0,0.0,,False,0.0,0,,0.0,0.0,0,0.0,,0.0,0,0.0
2025-11-07,MSGM,,breakout,WIN,190.87,0.69,122.37,212.04,,,2852758,True,False,1,3.04,4.52,4.38,4.92,4.61,2050,False,0,09:31 ET,STRONG → ROSS-HALF (0/3 gates),1.5,2,False,0,False,True,False,TRAIL,190.87,,conviction,score_0,0,0,0,0,False,0.0,0,,0.0,0.0,,False,0.0,0,,0.0,0.0,0,0.0,,0.0,0,0.0
2025-11-07,DIME,,breakout,WIN,1613.62,4.36,42.12,5.04,,,0,False,False,117,3.01,17.64,17.11,19.23,19.95,700,False,0,11:27 ET,STANDARD,2.0,0,False,0,False,True,False,TRAIL,1613.62,bearish_engulfing,conviction,score_1,1,0,0,1,False,0.0,0,,0.0,0.0,,False,0.0,0,,0.0,0.0,0,0.0,,0.0,0,0.0
2025-11-10,DCOY,,breakout,WIN,167.1,0.45,31.15,14.23,,,528441,True,False,18,2.82,2.68,2.6,2.92,2.71,4616,False,0,09:48 ET,STANDARD,2.0,0,False,0,False,True,False,TRAIL,167.1,,conviction,score_1,1,0,0,1,False,0.0,0,,0.0,0.0,,False,0.0,0,,0.0,0.0,0,0.0,,0.0,0,0.0
2025-11-10,OESX,,breakout,LOSS,-408.38,-1.1,28.68,9.98,,,3380452,True,False,17,3.02,11.71,11.36,12.77,11.33,1054,False,0,09:47 ET,STANDARD,2.0,0,True,3,False,True,False,STOP,-408.38,,conviction,score_1,1,0,0,1,False,0.0,0,,0.0,0.0,,False,0.0,0,,0.0,0.0,0,0.0,,0.0,0,0.0
2025-11-10,MOVE,,breakout,LOSS,-9.04,-0.03,345.07,766.84,,,5099381,True,False,19,3.03,12.34,11.97,13.46,12.33,750,False,0,09:49 ET,STRONG → ROSS-HALF (0/3 gates),1.5,2,False,0,False,True,False,TRAIL,-9.04,,conviction,score_0,0,0,0,0,False,0.0,0,,0.0,0.0,,False,0.0,0,,0.0,0.0,0,0.0,,0.0,0,0.0
2025-11-10,CNTY,,breakout,LOSS,-417.2,-1.13,32.51,7.87,,,21213689,True,False,19,3.09,2.09,2.03,2.28,2.02,5895,False,0,09:49 ET,STANDARD,2.0,0,True,3,False,True,False,STOP,-417.2,,conviction,score_1,1,0,0,1,False,0.0,0,,0.0,0.0,,False,0.0,0,,0.0,0.0,0,0.0,,0.0,0,0.0
2025-11-10,PRTH,,breakout,LOSS,-400.33,-1.08,27.31,7.9,,,33271489,True,False,16,2.95,6.0,5.82,6.54,5.8,2059,False,0,09:46 ET,STANDARD,2.0,0,False,0,False,True,False,STOP,-400.33,,conviction,score_1,1,0,0,1,False,0.0,0,,0.0,0.0,,False,0.0,0,,0.0,0.0,0,0.0,,0.0,0,0.0
2025-11-11,RDGT,,breakout,LOSS,-612.64,-1.1,86.67,123.16,,,34283,True,False,77,3.02,2.48,2.41,2.71,2.4,7454,False,0,10:47 ET,STRONG,3.0,2,False,0,False,True,False,STOP,-612.64,,conviction,score_1,1,0,0,1,False,0.0,0,,0.0,0.0,,False,0.0,0,,0.0,0.0,0,0.0,,0.0,0,0.0
2025-11-11,AFJK,,breakout,WIN,1448.8,3.91,66.67,9.59,,,1441346,True,False,14,3.02,13.13,12.73,14.31,14.06,940,False,0,09:44 ET,STANDARD,2.0,0,False,0,False,True,False,TRAIL,881.42,,conviction,score_1,1,0,0,1,True,13.4068,921,TRAIL,14.0228,567.38,,False,0.0,0,,0.0,0.0,0,0.0,,0.0,0,0.0
2025-11-11,PUBM,,breakout,WIN,49.37,0.13,44.84,11.27,,,34392675,True,False,1,2.97,9.74,9.45,10.62,9.78,1268,False,0,09:31 ET,STANDARD,2.0,0,False,0,False,True,False,TRAIL,49.37,,conviction,score_2,2,1,0,1,False,0.0,0,,0.0,0.0,,False,0.0,0,,0.0,0.0,0,0.0,,0.0,0,0.0
2025-11-11,SIBN,,breakout,WIN,202.66,0.55,24.18,5.88,,,42835642,True,False,4,3.02,17.02,16.51,18.56,17.32,725,False,0,09:34 ET,STANDARD,2.0,0,False,0,False,True,False,TRAIL,216.19,,conviction,score_1,1,0,0,1,True,17.8256,692,TRAIL,17.806,-13.53,shooting_star,False,0.0,0,,0.0,0.0,0,0.0,,0.0,0,0.0
2025-11-12,CMCT,,breakout,LOSS,-601.0,-1.08,132.73,1095.43,,,2546840,True,False,1,2.95,9.44,9.16,10.29,9.13,1962,False,0,09:31 ET,STRONG,3.0,2,False,0,False,True,False,STOP,-601.0,,conviction,score_1,1,0,0,1,False,0.0,0,,0.0,0.0,,False,0.0,0,,0.0,0.0,0,0.0,,0.0,0,0.0
2025-11-12,SI,,breakout,LOSS,-404.97,-1.09,36.44,9.14,,,20738226,True,False,1,2.99,14.34,13.91,15.63,13.87,861,False,0,09:31 ET,STANDARD,2.0,0,False,0,False,True,False,STOP,-404.97,,conviction,score_1,1,0,0,1,False,0.0,0,,0.0,0.0,,False,0.0,0,,0.0,0.0,0,0.0,,0.0,0,0.0
2025-11-13,IDN,,breakout,WIN,215.8,0.58,55.13,97.45,,,17719818,True,False,1,3.0,5.71,5.54,6.23,5.81,2162,False,0,09:31 ET,STANDARD,2.0,1,False,0,False,True,False,TRAIL,215.8,,conviction,score_1,1,0,0,1,False,0.0,0,,0.0,0.0,,False,0.0,0,,0.0,0.0,0,0.0,,0.0,0,0.0
2025-11-14,HCWB,,breakout,WIN,1393.89,3.76,51.81,23.5,,,6152075,True,False,36,3.06,3.05,2.96,3.33,3.4,4044,False,0,10:06 ET,STANDARD,2.0,0,False,0,False,True,False,TRAIL,1393.89,,conviction,score_1,1,0,0,1,False,0.0,0,,0.0,0.0,,False,0.0,0,,0.0,0.0,0,0.0,,0.0,0,0.0
2025-11-14,AIRG,,breakout,LOSS,-413.66,-1.12,25.41,7.03,,,10318465,True,False,32,3.06,3.5,3.39,3.81,3.38,3531,False,0,10:02 ET,STANDARD,2.0,0,False,0,False,True,False,STOP,-413.66,,conviction,score_1,1,0,0,1,False,0.0,0,,0.0,0.0,,False,0.0,0,,0.0,0.0,0,0.0,,0.0,0,0.0
2025-11-14,AMPG,,breakout,LOSS,-405.11,-1.09,27.07,7.18,,,22176010,True,False,8,2.99,3.15,3.06,3.44,3.05,3915,False,0,09:38 ET,STANDARD,2.0,0,False,0,False,True,False,STOP,-405.11,,conviction,score_2,2,1,0,1,False,0.0,0,,0.0,0.0,,False,0.0,0,,0.0,0.0,0,0.0,,0.0,0,0.0
2025-11-17,ATGL,,breakout,LOSS,-306.44,-1.1,251.5,559.42,,,2674992,True,False,46,3.02,11.7,11.35,12.76,11.32,791,False,0,10:16 ET,STRONG → ROSS-HALF (0/3 gates),1.5,2,False,0,False,True,False,STOP,-306.44,,conviction,score_0,0,0,0,0,False,0.0,0,,0.0,0.0,,False,0.0,0,,0.0,0.0,0,0.0,,0.0,0,0.0
2025-11-18,GAUZ,,breakout,LOSS,-386.38,-1.04,28.22,5.43,,,13151684,True,False,44,2.84,2.27,2.21,2.48,2.2,5429,False,0,10:14 ET,STANDARD,2.0,0,False,0,False,True,False,STOP,-386.38,,conviction,score_2,2,1,0,1,False,0.0,0,,0.0,0.0,,False,0.0,0,,0.0,0.0,0,0.0,,0.0,0,0.0
2025-11-19,VRA,,breakout,WIN,136.11,0.37,18.3,16.06,,,18259967,True,False,47,2.96,3.26,3.16,3.55,3.29,3792,False,0,10:17 ET,STANDARD,2.0,0,False,0,False,True,False,TRAIL,136.11,,conviction,score_2,2,1,0,1,False,0.0,0,,0.0,0.0,,False,0.0,0,,0.0,0.0,0,0.0,,0.0,0,0.0
2025-11-19,PACS,,breakout,LOSS,-409.28,-1.11,18.5,5.91,,,47310779,True,False,81,3.03,15.92,15.44,17.35,15.39,775,False,0,10:51 ET,STANDARD,2.0,0,True,3,False,True,False,STOP,-409.28,,conviction,score_2,2,1,0,1,False,0.0,0,,0.0,0.0,,False,0.0,0,,0.0,0.0,0,0.0,,0.0,0,0.0
2025-11-19,FULC,,breakout,WIN,43.81,0.12,25.28,6.16,,,47968661,True,False,1,2.97,11.16,10.83,12.17,11.2,1106,False,0,09:31 ET,STANDARD,2.0,0,False,0,False,True,False,TRAIL,43.81,,conviction,score_1,1,0,0,1,False,0.0,0,,0.0,0.0,,False,0.0,0,,0.0,0.0,0,0.0,,0.0,0,0.0
2025-11-20,OLOX,,breakout,WIN,604.45,1.63,53.87,6.65,,,549954,True,False,2,3.04,6.93,6.72,7.55,7.27,1781,False,0,09:32 ET,STANDARD,2.0,0,False,0,False,True,False,TRAIL,604.45,,conviction,score_1,1,0,0,1,False,0.0,0,,0.0,0.0,,False,0.0,0,,0.0,0.0,0,0.0,,0.0,0,0.0
2025-11-20,EPSM,,breakout,WIN,1.47,0.0,115.91,18.55,,,2072651,True,False,34,2.89,2.42,2.35,2.64,2.42,5103,False,0,10:04 ET,STANDARD,2.0,0,False,0,False,True,False,TRAIL,1.47,,conviction,score_2,2,1,0,1,False,0.0,0,,0.0,0.0,,False,0.0,0,,0.0,0.0,0,0.0,,0.0,0,0.0
2025-11-20,PLAG,,breakout,WIN,60.27,0.16,44.49,13.74,,,10038476,True,False,266,2.99,2.5,2.43,2.73,2.52,4930,False,0,13:56 ET,STANDARD,2.0,0,False,0,False,True,False,TRAIL,60.27,,conviction,score_2,2,1,0,1,False,0.0,0,,0.0,0.0,,False,0.0,0,,0.0,0.0,0,0.0,,0.0,0,0.0
2025-11-20,MAGH,,breakout,LOSS,-406.05,-1.1,27.34,6.93,,,13138650,True,False,3,3.0,4.29,4.16,4.67,4.15,2879,False,0,09:33 ET,STANDARD,2.0,0,False,0,False,True,False,STOP,-406.05,,conviction,score_1,1,0,0,1,False,0.0,0,,0.0,0.0,,False,0.0,0,,0.0,0.0,0,0.0,,0.0,0,0.0
2025-11-20,MAGN,,breakout,LOSS,-401.62,-1.08,57.04,12.47,,,27125302,True,False,1,2.96,12.13,11.77,13.22,11.73,1018,False,0,09:31 ET,STANDARD,2.0,0,False,0,False,True,False,STOP,-401.62,,conviction,score_2,2,1,0,1,False,0.0,0,,0.0,0.0,,False,0.0,0,,0.0,0.0,0,0.0,,0.0,0,0.0
2025-11-21,MFI,,breakout,WIN,83.05,0.22,142.86,59.28,,,525594,True,False,51,3.01,14.61,14.17,15.92,14.71,845,False,0,10:21 ET,STANDARD,2.0,1,False,0,False,True,False,TRAIL,83.05,,conviction,score_2,2,1,0,1,False,0.0,0,,0.0,0.0,,False,0.0,0,,0.0,0.0,0,0.0,,0.0,0,0.0
2025-11-21,PTN,,breakout,WIN,3761.0,10.16,69.89,11.15,,,1381214,True,False,226,3.01,16.02,15.54,17.46,20.91,770,False,0,13:16 ET,STANDARD,2.0,0,False,0,False,True,False,TRAIL,3761.0,,conviction,score_2,2,1,0,1,False,0.0,0,,0.0,0.0,,False,0.0,0,,0.0,0.0,0,0.0,,0.0,0,0.0
2025-11-24,MFI,,breakout,WIN,248.69,0.67,42.54,8.11,,,525594,True,False,16,3.02,14.18,13.75,15.45,14.46,871,False,0,09:46 ET,STANDARD,2.0,0,False,0,False,True,False,TRAIL,248.69,shooting_star,conviction,score_1,1,0,0,1,False,0.0,0,,0.0,0.0,,False,0.0,0,,0.0,0.0,0,0.0,,0.0,0,0.0
2025-11-24,WTF,,breakout,LOSS,-403.46,-1.09,96.58,11.2,,,5439257,True,False,31,2.98,5.76,5.59,6.28,5.57,2143,False,0,10:01 ET,STANDARD,2.0,0,False,0,False,True,False,STOP,-403.46,,conviction,score_1,1,0,0,1,False,0.0,0,,0.0,0.0,,False,0.0,0,,0.0,0.0,0,0.0,,0.0,0,0.0
2025-11-24,OSCG,,breakout,WIN,155.98,0.42,51.58,7.71,,,0,False,False,18,2.97,12.25,11.89,13.36,12.57,1007,False,0,09:48 ET,STANDARD,2.0,0,False,0,False,True,False,TRAIL,316.12,shooting_star,conviction,score_1,1,0,0,1,True,12.7154,971,TRAIL,12.5505,-160.14,shooting_star,False,0.0,0,,0.0,0.0,0,0.0,,0.0,0,0.0
2025-11-24,OSCX,,breakout,WIN,149.06,0.4,52.1,5.8,,,0,False,False,16,3.01,12.45,12.08,13.58,12.61,991,False,0,09:46 ET,STANDARD,2.0,0,False,0,False,True,False,TRAIL,149.06,bearish_engulfing,conviction,score_2,2,1,0,1,False,0.0,0,,0.0,0.0,,False,0.0,0,,0.0,0.0,0,0.0,,0.0,0,0.0
2025-11-25,BAOS,,breakout,WIN,14.3,0.04,43.64,40.93,,,937633,True,False,140,3.1,2.61,2.53,2.85,2.61,4730,False,0,11:50 ET,STANDARD,2.0,0,False,0,False,True,False,TRAIL,14.3,,conviction,score_1,1,0,0,1,False,0.0,0,,0.0,0.0,,False,0.0,0,,0.0,0.0,0,0.0,,0.0,0,0.0
2025-11-25,FEED,,breakout,WIN,1819.87,4.91,29.78,5.97,,,5851822,True,False,350,3.06,4.54,4.4,4.95,5.21,2720,False,0,15:20 ET,STANDARD,2.0,0,False,0,False,True,False,TRAIL,1819.87,,conviction,score_2,2,1,0,1,False,0.0,0,,0.0,0.0,,False,0.0,0,,0.0,0.0,0,0.0,,0.0,0,0.0
2025-11-25,DFNS,,breakout,LOSS,-7.39,-0.02,32.89,5.71,,,45031123,True,False,29,2.95,5.81,5.64,6.33,5.81,2125,False,0,09:59 ET,STANDARD,2.0,0,False,0,False,True,False,TRAIL,-7.39,,conviction,score_2,2,1,0,1,False,0.0,0,,0.0,0.0,,False,0.0,0,,0.0,0.0,0,0.0,,0.0,0,0.0
2025-11-26,SPRC,,breakout,LOSS,-627.49,-1.13,36.06,255.05,,,532829,True,False,3,3.1,3.11,3.01,3.39,3.0,5963,False,0,09:33 ET,STRONG,3.0,2,False,0,False,True,False,STOP,-627.49,,conviction,score_1,1,1,0,0,False,0.0,0,,0.0,0.0,,False,0.0,0,,0.0,0.0,0,0.0,,0.0,0,0.0
2025-11-26,VRCA,,breakout,WIN,227.05,0.61,32.62,5.18,,,7896744,True,False,1,3.05,5.61,5.44,6.12,5.71,2200,False,0,09:31 ET,STANDARD,2.0,0,False,0,False,True,False,TRAIL,227.05,,conviction,score_1,1,0,0,1,False,0.0,0,,0.0,0.0,,False,0.0,0,,0.0,0.0,0,0.0,,0.0,0,0.0
2025-11-28,GRDX,,breakout,LOSS,-21.4,-0.06,32.04,8.33,,,6653140,True,False,1,2.92,3.31,3.21,3.6,3.3,3734,False,0,09:31 ET,STANDARD,2.0,0,False,0,False,True,False,TRAIL,-21.4,,conviction,score_1,1,0,0,1,False,0.0,0,,0.0,0.0,,False,0.0,0,,0.0,0.0,0,0.0,,0.0,0,0.0
2025-12-01,AHMA,,breakout,WIN,737.22,2.66,260.5,139.0,,,2144956,True,False,18,2.99,9.66,9.37,10.53,10.43,958,False,0,09:48 ET,STRONG → ROSS-HALF (0/3 gates),1.5,2,False,0,False,True,False,TRAIL,737.22,,conviction,score_0,0,0,0,0,False,0.0,0,,0.0,0.0,,False,0.0,0,,0.0,0.0,0,0.0,,0.0,0,0.0
2025-12-01,QTTB,,breakout,WIN,920.12,1.66,190.86,1632.43,,,9062865,True,False,16,3.09,5.54,5.37,6.04,5.82,3343,False,0,09:46 ET,STRONG,3.0,2,False,0,False,True,False,TRAIL,920.12,,conviction,score_2,2,1,0,1,False,0.0,0,,0.0,0.0,,False,0.0,0,,0.0,0.0,0,0.0,,0.0,0,0.0
2025-12-01,STTK,,breakout,WIN,161.7,0.44,19.05,8.38,,,47706017,True,False,16,3.1,2.41,2.34,2.63,2.45,5114,False,0,09:46 ET,STANDARD,2.0,0,False,0,False,True,False,TRAIL,161.7,bearish_engulfing,conviction,score_1,1,0,0,1,False,0.0,0,,0.0,0.0,,False,0.0,0,,0.0,0.0,0,0.0,,0.0,0,0.0
2025-12-02,PLRZ,,breakout,WIN,417.32,0.75,164.56,641.67,,,1428931,True,False,1,2.94,6.94,6.74,7.57,7.1,2667,False,0,09:31 ET,STRONG,3.0,2,False,0,False,True,False,TRAIL,417.32,,conviction,score_1,1,0,0,1,False,0.0,0,,0.0,0.0,,False,0.0,0,,0.0,0.0,0,0.0,,0.0,0,0.0
2025-12-02,FBYD,,breakout,LOSS,-402.82,-1.09,68.04,13.87,,,25541647,True,False,58,2.98,19.89,19.3,21.68,19.24,620,False,0,10:28 ET,STANDARD,2.0,0,False,0,False,True,False,STOP,-402.82,,conviction,score_1,1,0,0,1,False,0.0,0,,0.0,0.0,,False,0.0,0,,0.0,0.0,0,0.0,,0.0,0,0.0
2025-12-03,DEVS,,breakout,LOSS,-388.66,-1.05,49.21,35.7,,,2317714,True,False,26,2.86,2.64,2.56,2.87,2.55,4686,False,0,09:56 ET,STANDARD,2.0,0,False,0,False,True,False,STOP,-388.66,,conviction,score_1,1,0,0,1,False,0.0,0,,0.0,0.0,,False,0.0,0,,0.0,0.0,0,0.0,,0.0,0,0.0
2025-12-03,AGRZ,,breakout,LOSS,-395.66,-1.07,17.96,7.01,,,9890481,True,False,1,2.91,4.33,4.2,4.72,4.19,2854,False,0,09:31 ET,STANDARD,2.0,0,True,3,False,True,False,STOP,-395.66,,conviction,score_2,2,1,0,1,False,0.0,0,,0.0,0.0,,False,0.0,0,,0.0,0.0,0,0.0,,0.0,0,0.0
2025-12-04,CVKD,,breakout,LOSS,-404.8,-1.09,30.64,8.58,,,2380903,True,False,3,2.99,10.27,9.96,11.19,9.93,1202,False,0,09:33 ET,STANDARD,2.0,0,False,0,False,True,False,STOP,-404.8,,conviction,score_1,1,0,0,1,False,0.0,0,,0.0,0.0,,False,0.0,0,,0.0,0.0,0,0.0,,0.0,0,0.0
2025-12-04,QCLS,,breakout,LOSS,-408.88,-1.1,70.23,39.28,,,7778586,True,False,1,3.02,5.67,5.5,6.18,5.48,2177,False,0,09:31 ET,STANDARD,2.0,0,False,0,False,True,False,STOP,-408.88,,conviction,score_1,1,0,0,1,False,0.0,0,,0.0,0.0,,False,0.0,0,,0.0,0.0,0,0.0,,0.0,0,0.0
2025-12-04,PMI,,breakout,WIN,364.88,0.98,105.94,22.67,,,39507264,True,False,202,3.07,2.79,2.7,3.04,2.87,4433,False,0,12:52 ET,STANDARD,2.0,0,False,0,False,True,False,TRAIL,364.88,,conviction,score_2,2,1,0,1,False,0.0,0,,0.0,0.0,,False,0.0,0,,0.0,0.0,0,0.0,,0.0,0,0.0
2025-12-05,TGL,,breakout,WIN,74.81,0.2,8597.84,6.05,,,1327191,True,False,7,2.95,7.26,7.05,7.92,7.31,1700,False,0,09:37 ET,STANDARD,2.0,0,False,0,False,True,False,TRAIL,74.81,,conviction,score_1,1,0,0,1,False,0.0,0,,0.0,0.0,,False,0.0,0,,0.0,0.0,0,0.0,,0.0,0,0.0
2025-12-05,PCSC,,breakout,WIN,697.06,1.25,21.4,886.28,,,2296728,True,False,1,3.0,11.98,11.62,13.06,12.5,1546,False,0,09:31 ET,STRONG,3.0,2,False,0,False,True,False,TRAIL,809.43,,conviction,score_1,1,0,0,1,True,12.5901,980,TRAIL,12.4755,-112.38,,False,0.0,0,,0.0,0.0,0,0.0,,0.0,0,0.0
2025-12-05,TORO,,breakout,LOSS,-620.4,-1.12,44.07,344.78,,,4642446,True,False,1,3.06,5.27,5.11,5.75,5.09,3514,False,0,09:31 ET,STRONG,3.0,2,False,0,False,True,False,STOP,-620.4,,conviction,score_1,1,0,0,1,False,0.0,0,,0.0,0.0,,False,0.0,0,,0.0,0.0,0,0.0,,0.0,0,0.0
2025-12-08,HWH,,breakout,WIN,89.88,0.24,53.55,37.19,,,1509485,True,False,16,3.16,2.36,2.29,2.58,2.38,5222,False,0,09:46 ET,STANDARD,2.0,0,False,0,False,True,False,TRAIL,89.88,,conviction,score_2,2,1,0,1,False,0.0,0,,0.0,0.0,,False,0.0,0,,0.0,0.0,0,0.0,,0.0,0,0.0
2025-12-08,RDAC,,breakout,WIN,582.73,1.57,33.27,9.25,,,3583889,True,False,341,3.03,12.02,11.66,13.11,12.59,1027,False,0,15:11 ET,STANDARD,2.0,0,False,0,False,True,False,TRAIL,582.73,,conviction,score_1,1,0,0,1,False,0.0,0,,0.0,0.0,,False,0.0,0,,0.0,0.0,0,0.0,,0.0,0,0.0
2025-12-08,AGPU,,breakout,WIN,317.71,1.72,43.19,6.68,,,3628829,True,False,36,3.08,4.85,4.7,5.29,5.1,1273,False,0,10:06 ET,STANDARD → ROSS-HALF (0/3 gates),1.0,0,False,0,False,True,False,TRAIL,317.71,,conviction,score_0,0,0,0,0,False,0.0,0,,0.0,0.0,,False,0.0,0,,0.0,0.0,0,0.0,,0.0,0,0.0
2025-12-08,WBUY,,breakout,WIN,65.11,0.18,151.77,21.8,,,4447985,True,False,16,2.88,2.23,2.17,2.44,2.25,5527,False,0,09:46 ET,STANDARD,2.0,0,False,0,False,True,False,TRAIL,65.11,,conviction,score_2,2,1,0,1,False,0.0,0,,0.0,0.0,,False,0.0,0,,0.0,0.0,0,0.0,,0.0,0,0.0
2025-12-08,PSIG,,breakout,WIN,131.12,0.35,15.94,14.09,,,9531629,True,False,28,3.03,4.6,4.46,5.01,4.65,2685,False,0,09:58 ET,STANDARD,2.0,0,False,0,False,True,False,TRAIL,131.12,,conviction,score_1,1,0,0,1,False,0.0,0,,0.0,0.0,,False,0.0,0,,0.0,0.0,0,0.0,,0.0,0,0.0
2025-12-08,TWG,,breakout,LOSS,-401.58,-1.08,338.6,88.58,,,19388477,True,False,74,2.96,11.22,10.89,12.23,10.86,1100,False,0,10:44 ET,STANDARD,2.0,1,False,0,False,True,False,STOP,-401.58,,conviction,score_2,2,1,0,1,False,0.0,0,,0.0,0.0,,False,0.0,0,,0.0,0.0,0,0.0,,0.0,0,0.0
2025-12-08,IBIO,,breakout,LOSS,-430.23,-1.16,89.99,53.33,,,39320084,True,False,16,3.19,2.0,1.94,2.18,1.93,6162,False,0,09:46 ET,STANDARD,2.0,1,False,0,False,True,False,STOP,-430.23,,conviction,score_2,2,1,0,1,False,0.0,0,,0.0,0.0,,False,0.0,0,,0.0,0.0,0,0.0,,0.0,0,0.0
2025-12-08,FULC,,breakout,LOSS,-407.34,-1.1,76.85,28.38,,,47968661,True,False,16,3.01,14.05,13.63,15.32,13.59,878,False,0,09:46 ET,STANDARD,2.0,0,True,3,False,True,False,STOP,-407.34,,conviction,score_1,1,1,0,0,False,0.0,0,,0.0,0.0,,False,0.0,0,,0.0,0.0,0,0.0,,0.0,0,0.0
2025-12-09,OCG,,breakout,LOSS,-613.06,-1.1,396.18,5290.72,,,31976,True,False,2,3.02,3.55,3.44,3.87,3.43,5222,False,0,09:32 ET,STRONG,3.0,2,False,0,False,True,False,STOP,-613.06,,conviction,score_2,2,1,0,1,False,0.0,0,,0.0,0.0,,False,0.0,0,,0.0,0.0,0,0.0,,0.0,0,0.0
2025-12-09,AFJK,,breakout,WIN,154.81,0.28,1126.88,301.84,,,1441346,True,False,10,2.98,11.52,11.18,12.56,11.62,1607,False,0,09:40 ET,STRONG,3.0,2,False,0,False,True,False,TRAIL,154.81,,conviction,score_2,2,1,0,1,False,0.0,0,,0.0,0.0,,False,0.0,0,,0.0,0.0,0,0.0,,0.0,0,0.0
2025-12-09,DBI,,breakout,LOSS,-0.58,-0.0,49.48,16.75,,,28767667,True,False,1,3.06,6.29,6.1,6.86,6.29,1962,False,0,09:31 ET,STANDARD,2.0,0,False,0,False,True,False,TRAIL,-0.58,,conviction,score_2,2,1,0,1,False,0.0,0,,0.0,0.0,,False,0.0,0,,0.0,0.0,0,0.0,,0.0,0,0.0
2025-12-09,CV,,bull_flag,WIN,695.74,1.88,51.1,22.16,,,31581483,True,False,57,3.02,8.17,7.92,8.9,8.63,1512,False,0,10:27 ET,STANDARD,2.0,0,False,0,False,True,False,TRAIL,695.74,,conviction,score_1,1,0,0,1,False,0.0,0,,0.0,0.0,,False,0.0,0,,0.0,0.0,0,0.0,,0.0,0,0.0
2025-12-09,MAMA,,breakout,LOSS,-409.04,-1.1,29.7,11.55,,,36686844,True,False,1,3.02,13.47,13.06,14.68,13.02,917,False,0,09:31 ET,STANDARD,2.0,0,False,0,False,True,False,STOP,-409.04,,conviction,score_2,2,1,0,1,False,0.0,0,,0.0,0.0,,False,0.0,0,,0.0,0.0,0,0.0,,0.0,0,0.0
2025-12-09,IBIO,,breakout,LOSS,-423.6,-1.14,46.11,8.3,,,39320084,True,False,1,3.14,2.04,1.98,2.23,1.97,6041,False,0,09:31 ET,STANDARD,2.0,0,False,0,False,True,False,STOP,-423.6,,conviction,score_2,2,1,0,1,False,0.0,0,,0.0,0.0,,False,0.0,0,,0.0,0.0,0,0.0,,0.0,0,0.0
2025-12-10,BBGI,,breakout,LOSS,-298.57,-1.07,551.11,2241.07,,,641709,True,False,1,2.93,6.12,5.94,6.67,5.92,1513,False,0,09:31 ET,STRONG → ROSS-HALF (0/3 gates),1.5,2,True,3,False,True,False,STOP,-298.57,,conviction,score_0,0,0,0,0,False,0.0,0,,0.0,0.0,,False,0.0,0,,0.0,0.0,0,0.0,,0.0,0,0.0
2025-12-10,ENVB,,breakout,WIN,40.17,0.07,123.82,177.88,,,3642230,True,False,1,3.02,12.08,11.71,13.16,12.1,1534,False,0,09:31 ET,STRONG,3.0,2,True,3,False,True,False,TRAIL,40.17,,conviction,score_1,1,1,0,0,False,0.0,0,,0.0,0.0,,False,0.0,0,,0.0,0.0,0,0.0,,0.0,0,0.0
2025-12-10,CV,,breakout,LOSS,-409.85,-1.11,32.73,63.6,,,31581483,True,False,68,3.03,9.92,9.62,10.81,9.59,1244,False,0,10:38 ET,STANDARD,2.0,1,False,0,False,True,False,STOP,-409.85,,conviction,score_2,2,1,0,1,False,0.0,0,,0.0,0.0,,False,0.0,0,,0.0,0.0,0,0.0,,0.0,0,0.0
2025-12-10,IBIO,,breakout,WIN,956.36,2.58,72.07,9.18,,,39320084,True,False,55,2.97,2.35,2.28,2.56,2.53,5255,False,0,10:25 ET,STANDARD,2.0,0,True,3,False,True,False,TRAIL,956.36,,conviction,score_2,2,1,0,1,False,0.0,0,,0.0,0.0,,False,0.0,0,,0.0,0.0,0,0.0,,0.0,0,0.0
2025-12-11,ZSTK,,breakout,WIN,520.83,1.41,17.46,6.79,,,1767171,True,False,22,2.97,10.47,10.16,11.41,10.82,1179,False,0,09:52 ET,STANDARD,2.0,0,False,0,False,True,False,TRAIL,415.75,,conviction,score_1,1,0,0,1,True,10.7114,1152,TRAIL,10.8026,105.07,,False,0.0,0,,0.0,0.0,0,0.0,,0.0,0,0.0
2025-12-11,RETO,,breakout,LOSS,-400.6,-1.08,65.42,24.35,,,3053568,True,False,35,2.95,2.91,2.82,3.17,2.81,4250,False,0,10:05 ET,STANDARD,2.0,0,False,0,False,True,False,STOP,-400.6,,conviction,score_2,2,1,0,1,False,0.0,0,,0.0,0.0,,False,0.0,0,,0.0,0.0,0,0.0,,0.0,0,0.0
2025-12-11,BGDE,,breakout,WIN,513.97,1.39,135.82,36.33,,,3589918,True,False,2,3.03,9.43,9.14,10.27,9.82,1310,False,0,09:32 ET,STANDARD,2.0,0,False,0,False,True,False,TRAIL,513.97,,conviction,score_2,2,1,0,1,False,0.0,0,,0.0,0.0,,False,0.0,0,,0.0,0.0,0,0.0,,0.0,0,0.0
2025-12-11,GRAN,,breakout,WIN,19.02,0.05,81.85,90.42,,,4712263,True,False,10,3.01,3.56,3.45,3.88,3.56,3471,False,0,09:40 ET,STANDARD,2.0,1,False,0,False,True,False,TRAIL,19.02,,conviction,score_1,1,0,0,1,False,0.0,0,,0.0,0.0,,False,0.0,0,,0.0,0.0,0,0.0,,0.0,0,0.0
2025-12-11,BTTC,,breakout,LOSS,-606.63,-1.09,203.16,1579.13,,,10774621,True,False,1,2.98,8.98,8.71,9.79,8.68,2063,False,0,09:31 ET,STRONG,3.0,2,False,0,False,True,False,STOP,-606.63,,conviction,score_1,1,0,0,1,False,0.0,0,,0.0,0.0,,False,0.0,0,,0.0,0.0,0,0.0,,0.0,0,0.0
2025-12-12,KPLT,,breakout,LOSS,-299.36,-1.08,48.75,178.5,,,4312139,True,False,6,2.94,8.39,8.14,9.14,8.12,1104,False,0,09:36 ET,STRONG → ROSS-HALF (0/3 gates),1.5,2,False,0,False,True,False,STOP,-299.36,,conviction,score_0,0,0,0,0,False,0.0,0,,0.0,0.0,,False,0.0,0,,0.0,0.0,0,0.0,,0.0,0,0.0
2025-12-12,ZDGE,,breakout,LOSS,-600.14,-1.08,93.41,647.48,,,10401564,True,False,1,2.95,3.14,3.05,3.43,3.04,5894,False,0,09:31 ET,STRONG,3.0,2,False,0,False,True,False,STOP,-600.14,,conviction,score_2,2,1,0,1,False,0.0,0,,0.0,0.0,,False,0.0,0,,0.0,0.0,0,0.0,,0.0,0,0.0
2025-12-12,DARE,,breakout,WIN,531.48,1.44,20.57,17.79,,,13695459,True,False,220,3.15,2.37,2.3,2.59,2.48,5200,False,0,13:10 ET,STANDARD,2.0,0,False,0,False,True,False,TRAIL,531.48,bearish_engulfing,conviction,score_2,2,1,0,1,False,0.0,0,,0.0,0.0,,False,0.0,0,,0.0,0.0,0,0.0,,0.0,0,0.0
2025-12-12,RENT,,breakout,LOSS,-403.3,-1.09,29.66,11.55,,,24132827,True,False,1,2.97,6.86,6.66,7.48,6.64,1799,False,0,09:31 ET,STANDARD,2.0,0,False,0,False,True,False,STOP,-403.3,,conviction,score_2,2,1,0,1,False,0.0,0,,0.0,0.0,,False,0.0,0,,0.0,0.0,0,0.0,,0.0,0,0.0
2025-12-12,MITK,,breakout,LOSS,-218.73,-1.18,21.21,7.73,,,43707897,True,False,1,1.63,10.86,10.68,11.39,10.65,1046,False,0,09:31 ET,STANDARD → ROSS-HALF (0/3 gates),1.0,0,False,0,False,True,False,STOP,-218.73,,conviction,score_0,0,0,0,0,False,0.0,0,,0.0,0.0,,False,0.0,0,,0.0,0.0,0,0.0,,0.0,0,0.0
2025-12-12,YOLO,,breakout,LOSS,-214.48,-1.16,36.55,15.69,,,0,False,False,1,1.86,3.55,3.48,3.74,3.47,2803,False,0,09:31 ET,STANDARD → ROSS-HALF (0/3 gates),1.0,0,False,0,False,True,False,STOP,-214.48,,conviction,score_0,0,0,0,0,False,0.0,0,,0.0,0.0,,False,0.0,0,,0.0,0.0,0,0.0,,0.0,0,0.0
2025-12-12,MSOS,,breakout,LOSS,-275.34,-1.48,59.31,12.01,,,0,False,False,1,0.61,4.84,4.81,4.93,4.8,6245,False,0,09:31 ET,STANDARD → ROSS-HALF (0/3 gates),1.0,0,False,0,False,True,False,STOP,-275.34,,conviction,score_0,0,0,0,0,False,0.0,0,,0.0,0.0,,False,0.0,0,,0.0,0.0,0,0.0,,0.0,0,0.0
2025-12-15,AMCI,,breakout,WIN,5112.71,9.2,237.63,178.96,,,4720312,True,False,22,2.9,4.81,4.67,5.24,6.14,3851,False,0,09:52 ET,STRONG,3.0,2,False,0,False,True,False,TRAIL,5112.71,,conviction,score_2,2,1,0,1,False,0.0,0,,0.0,0.0,,False,0.0,0,,0.0,0.0,0,0.0,,0.0,0,0.0
2025-12-15,ASTI,,breakout,LOSS,-393.72,-1.06,47.44,8.8,,,8707964,True,False,16,2.9,3.71,3.6,4.04,3.59,3331,False,0,09:46 ET,STANDARD,2.0,0,True,3,False,True,False,STOP,-393.72,,conviction,score_2,2,1,0,1,False,0.0,0,,0.0,0.0,,False,0.0,0,,0.0,0.0,0,0.0,,0.0,0,0.0
2025-12-15,FBIO,,breakout,LOSS,-388.77,-1.05,18.09,7.48,,,22384002,True,False,16,2.86,3.39,3.29,3.69,3.28,3646,False,0,09:46 ET,STANDARD,2.0,0,False,0,False,True,False,STOP,-388.77,,conviction,score_2,2,1,0,1,False,0.0,0,,0.0,0.0,,False,0.0,0,,0.0,0.0,0,0.0,,0.0,0,0.0
2025-12-15,KYTX,,breakout,LOSS,-402.43,-1.09,55.69,33.5,,,35501972,True,False,16,2.97,13.28,12.89,14.48,12.85,929,False,0,09:46 ET,STANDARD,2.0,0,True,3,False,True,False,STOP,-402.43,,conviction,score_2,2,1,0,1,False,0.0,0,,0.0,0.0,,False,0.0,0,,0.0,0.0,0,0.0,,0.0,0,0.0
2025-12-15,RKLZ,,breakout,LOSS,-38.42,-0.1,20.85,6.65,,,0,False,False,22,3.0,9.27,8.99,10.1,9.38,1332,False,0,09:52 ET,STANDARD,2.0,0,False,0,False,True,False,TRAIL,153.4,,conviction,score_2,2,1,0,1,True,9.519,1297,TRAIL,9.3711,-191.82,,False,0.0,0,,0.0,0.0,0,0.0,,0.0,0,0.0
2025-12-16,MGRT,,breakout,LOSS,-404.54,-1.09,34.35,7.91,,,2026888,True,False,73,2.98,5.03,4.88,5.48,4.87,2455,False,0,10:43 ET,STANDARD,2.0,0,False,0,False,True,False,STOP,-404.54,,conviction,score_1,1,0,0,1,False,0.0,0,,0.0,0.0,,False,0.0,0,,0.0,0.0,0,0.0,,0.0,0,0.0
2025-12-16,WATT,,breakout,LOSS,-403.46,-1.09,16.57,14.35,,,3876397,True,False,1,2.98,5.76,5.59,6.28,5.57,2143,False,0,09:31 ET,STANDARD,2.0,0,False,0,False,True,False,STOP,-403.46,,conviction,score_2,2,1,0,1,False,0.0,0,,0.0,0.0,,False,0.0,0,,0.0,0.0,0,0.0,,0.0,0,0.0
2025-12-16,AMCI,,breakout,LOSS,-404.63,-1.09,107.57,19.28,,,4720312,True,False,1,2.99,12.19,11.83,13.29,11.79,1012,False,0,09:31 ET,STANDARD,2.0,0,False,0,False,True,False,STOP,-404.63,,conviction,score_1,1,0,0,1,False,0.0,0,,0.0,0.0,,False,0.0,0,,0.0,0.0,0,0.0,,0.0,0,0.0
2025-12-16,RILYG,,breakout,LOSS,-107.84,-0.58,15.36,5.18,,,0,False,False,24,2.51,18.84,18.37,20.26,19.6,391,False,0,09:54 ET,STANDARD → ROSS-HALF (0/3 gates),1.0,0,False,0,False,True,False,TRAIL,297.98,shooting_star,conviction,score_0,0,0,0,0,True,19.1182,645,TRAIL,18.489,-405.82,,False,0.0,0,,0.0,0.0,0,0.0,,0.0,0,0.0
2025-12-17,ADTX,,breakout,LOSS,-409.35,-1.11,54.93,26.75,,,798093,True,False,2,3.02,2.12,2.06,2.32,2.05,5813,False,0,09:32 ET,STANDARD,2.0,0,False,0,False,True,False,STOP,-409.35,,conviction,score_2,2,1,0,1,False,0.0,0,,0.0,0.0,,False,0.0,0,,0.0,0.0,0,0.0,,0.0,0,0.0
2025-12-17,MGRT,,breakout,WIN,114.98,0.31,171.03,79.12,,,2026888,True,False,73,2.93,5.86,5.69,6.39,5.92,2106,False,0,10:43 ET,STANDARD,2.0,1,False,0,False,True,False,TRAIL,114.98,,conviction,score_1,1,0,0,1,False,0.0,0,,0.0,0.0,,False,0.0,0,,0.0,0.0,0,0.0,,0.0,0,0.0
2025-12-17,PCSA,,bull_flag,WIN,797.71,2.15,7287.69,18.69,,,2477548,True,False,22,2.97,5.41,5.25,5.9,5.76,2282,False,0,09:52 ET,STANDARD,2.0,0,False,0,False,True,False,TRAIL,797.71,,conviction,score_1,1,0,0,1,False,0.0,0,,0.0,0.0,,False,0.0,0,,0.0,0.0,0,0.0,,0.0,0,0.0
2025-12-18,LONA,,breakout,WIN,98.59,0.18,102.18,2830.33,,,6405907,True,False,1,3.01,7.45,7.23,8.13,7.49,2485,False,0,09:31 ET,STRONG,3.0,2,False,0,False,True,False,TRAIL,98.59,,conviction,score_1,1,0,0,1,False,0.0,0,,0.0,0.0,,False,0.0,0,,0.0,0.0,0,0.0,,0.0,0,0.0
2025-12-18,LPCN,,breakout,LOSS,-30.52,-0.08,18.53,11.02,,,6876119,True,False,78,2.95,4.0,3.88,4.36,3.99,3089,False,0,10:48 ET,STANDARD,2.0,0,False,0,False,True,False,TRAIL,-30.52,,conviction,score_2,2,1,0,1,False,0.0,0,,0.0,0.0,,False,0.0,0,,0.0,0.0,0,0.0,,0.0,0,0.0
2025-12-18,SPAI,,breakout,LOSS,-421.12,-1.14,22.6,15.75,,,12781192,True,False,19,3.12,3.77,3.65,4.11,3.64,3278,False,0,09:49 ET,STANDARD,2.0,0,False,0,False,True,False,STOP,-421.12,,conviction,score_1,1,1,0,0,False,0.0,0,,0.0,0.0,,False,0.0,0,,0.0,0.0,0,0.0,,0.0,0,0.0
2025-12-18,ISSC,,breakout,LOSS,-409.08,-1.1,40.13,12.36,,,16172475,True,False,1,3.02,14.53,14.09,15.84,14.05,850,False,0,09:31 ET,STANDARD,2.0,0,False,0,False,True,False,STOP,-409.08,,conviction,score_1,1,0,0,1,False,0.0,0,,0.0,0.0,,False,0.0,0,,0.0,0.0,0,0.0,,0.0,0,0.0
2025-12-18,MENS,,breakout,LOSS,-408.24,-1.1,34.93,7.73,,,26941531,True,False,17,3.02,3.2,3.1,3.48,3.09,3863,False,0,09:47 ET,STANDARD,2.0,0,False,0,False,True,False,STOP,-408.24,,conviction,score_2,2,1,0,1,False,0.0,0,,0.0,0.0,,False,0.0,0,,0.0,0.0,0,0.0,,0.0,0,0.0
2025-12-18,DJTU,,breakout,LOSS,-8.18,-0.02,89.68,21.82,,,0,False,False,1,2.9,4.08,3.96,4.45,4.08,3028,False,0,09:31 ET,STANDARD,2.0,0,False,0,False,True,False,TRAIL,-8.18,,conviction,score_1,1,1,0,0,False,0.0,0,,0.0,0.0,,False,0.0,0,,0.0,0.0,0,0.0,,0.0,0,0.0
2025-12-18,MSOX,,breakout,LOSS,-201.18,-1.09,16.02,6.6,,,0,False,False,1,2.97,11.56,11.22,12.6,11.19,534,False,0,09:31 ET,STANDARD → ROSS-HALF (0/3 gates),1.0,0,False,0,False,True,False,STOP,-201.18,,conviction,score_0,0,0,0,0,False,0.0,0,,0.0,0.0,,False,0.0,0,,0.0,0.0,0,0.0,,0.0,0,0.0
2025-12-19,SDEV,,breakout,WIN,2311.34,6.24,119.32,65.3,,,7155819,True,False,10,2.96,3.44,3.34,3.75,4.09,3588,False,0,09:40 ET,STANDARD,2.0,1,False,0,False,True,False,TRAIL,2311.34,bearish_engulfing,conviction,score_1,1,0,0,1,False,0.0,0,,0.0,0.0,,False,0.0,0,,0.0,0.0,0,0.0,,0.0,0,0.0
2025-12-19,NRXS,,breakout,WIN,36.22,0.07,28.47,262.51,,,8482451,True,False,1,3.04,3.52,3.41,3.83,3.52,5267,False,0,09:31 ET,STRONG,3.0,2,False,0,False,True,False,TRAIL,36.22,,conviction,score_2,2,1,0,1,False,0.0,0,,0.0,0.0,,False,0.0,0,,0.0,0.0,0,0.0,,0.0,0,0.0
2025-12-19,ASTI,,breakout,WIN,113.07,0.31,60.91,5.22,,,8707964,True,False,4,3.14,3.4,3.29,3.7,3.43,3635,False,0,09:34 ET,STANDARD,2.0,0,False,0,False,True,False,TRAIL,113.07,,conviction,score_1,1,0,0,1,False,0.0,0,,0.0,0.0,,False,0.0,0,,0.0,0.0,0,0.0,,0.0,0,0.0
2025-12-19,SKYA,,breakout,LOSS,-45.57,-0.25,18.44,5.59,,,34337245,True,False,2,2.07,2.13,2.09,2.27,2.19,4185,False,0,09:32 ET,STANDARD → ROSS-HALF (0/3 gates),1.0,0,False,0,False,True,False,TRAIL,250.42,,conviction,score_0,0,0,0,0,True,2.2244,5551,TRAIL,2.1711,-296.0,,False,0.0,0,,0.0,0.0,0,0.0,,0.0,0,0.0
2025-12-19,GANX,,breakout,WIN,134.23,0.36,43.11,8.09,,,41645270,True,False,6,2.87,2.62,2.54,2.85,2.64,4722,False,0,09:36 ET,STANDARD,2.0,0,False,0,False,True,False,TRAIL,134.23,,conviction,score_2,2,1,0,1,False,0.0,0,,0.0,0.0,,False,0.0,0,,0.0,0.0,0,0.0,,0.0,0,0.0
2025-12-22,VELO,,breakout,WIN,328.23,0.89,50.42,7.1,,,10291938,True,False,16,3.02,12.92,12.53,14.08,13.26,955,False,0,09:46 ET,STANDARD,2.0,0,False,0,False,True,False,TRAIL,328.23,,conviction,score_1,1,1,0,0,False,0.0,0,,0.0,0.0,,False,0.0,0,,0.0,0.0,0,0.0,,0.0,0,0.0
2025-12-22,MENS,,breakout,LOSS,-410.64,-1.11,146.3,48.43,,,26941531,True,False,25,3.03,4.99,4.84,5.44,4.83,2474,False,0,09:55 ET,STANDARD,2.0,0,False,0,False,True,False,STOP,-410.64,,conviction,score_1,1,0,0,1,False,0.0,0,,0.0,0.0,,False,0.0,0,,0.0,0.0,0,0.0,,0.0,0,0.0
2025-12-23,ASTI,,breakout,WIN,1520.39,4.1,90.72,44.92,,,8707964,True,False,14,2.94,4.38,4.25,4.77,4.65,2820,False,0,09:44 ET,STANDARD,2.0,0,False,0,False,True,False,TRAIL,777.91,,conviction,score_2,2,1,0,1,True,4.3787,2820,TRAIL,4.642,742.48,,False,0.0,0,,0.0,0.0,0,0.0,,0.0,0,0.0
2025-12-24,EUDA,,breakout,LOSS,-425.74,-1.15,54.17,18.77,,,1298423,True,False,1,3.16,2.5,2.42,2.72,2.41,4942,False,0,09:31 ET,STANDARD,2.0,0,False,0,False,True,False,STOP,-425.74,,conviction,score_1,1,0,0,1,False,0.0,0,,0.0,0.0,,False,0.0,0,,0.0,0.0,0,0.0,,0.0,0,0.0
2025-12-24,ELOG,,breakout,LOSS,-638.55,-1.15,99.3,2370.56,,,3309482,True,False,1,3.16,2.71,2.62,2.95,2.61,6847,False,0,09:31 ET,STRONG,3.0,2,False,0,False,True,False,STOP,-638.55,,conviction,score_1,1,0,0,1,False,0.0,0,,0.0,0.0,,False,0.0,0,,0.0,0.0,0,0.0,,0.0,0,0.0
2025-12-26,RKLZ,,breakout,WIN,1048.86,2.83,17.6,5.31,,,0,False,False,13,2.97,4.69,4.55,5.11,4.91,2633,False,0,09:43 ET,STANDARD,2.0,0,False,0,False,True,False,TRAIL,593.48,bearish_engulfing,conviction,score_2,2,1,0,1,True,4.7595,2594,TRAIL,4.9351,455.38,bearish_engulfing,False,0.0,0,,0.0,0.0,0,0.0,,0.0,0,0.0
2025-12-29,MTEX,,breakout,WIN,460.05,1.24,22.32,51.02,,,952813,True,False,227,2.95,8.37,8.12,9.12,8.68,1476,False,0,13:17 ET,STANDARD,2.0,1,False,0,False,True,False,TRAIL,460.05,shooting_star,conviction,score_1,1,0,0,1,False,0.0,0,,0.0,0.0,,False,0.0,0,,0.0,0.0,0,0.0,,0.0,0,0.0
2025-12-29,BOXL,,breakout,LOSS,-22.87,-0.06,30.14,8.12,,,3707542,True,False,243,3.1,2.41,2.34,2.63,2.41,5114,False,0,13:33 ET,STANDARD,2.0,0,False,0,False,True,False,TRAIL,-22.87,,conviction,score_2,2,1,0,1,False,0.0,0,,0.0,0.0,,False,0.0,0,,0.0,0.0,0,0.0,,0.0,0,0.0
2025-12-29,IMNN,,breakout,WIN,699.45,1.89,26.98,7.62,,,4496580,True,False,282,3.05,3.51,3.4,3.82,3.71,3521,False,0,14:12 ET,STANDARD,2.0,0,False,0,False,True,False,TRAIL,699.45,,conviction,score_2,2,1,0,1,False,0.0,0,,0.0,0.0,,False,0.0,0,,0.0,0.0,0,0.0,,0.0,0,0.0
2025-12-29,ZSL,,breakout,WIN,375.29,1.01,23.01,7.2,,,0,False,False,16,3.05,5.45,5.28,5.94,5.61,2267,False,0,09:46 ET,STANDARD,2.0,0,False,0,False,True,False,TRAIL,375.29,bearish_engulfing,conviction,score_1,1,0,0,1,False,0.0,0,,0.0,0.0,,False,0.0,0,,0.0,0.0,0,0.0,,0.0,0,0.0
2025-12-30,CHRN,,breakout,LOSS,-610.94,-1.1,132.6,347.15,,,81673,True,False,1,3.01,8.55,8.29,9.32,8.27,2167,False,0,09:31 ET,STRONG,3.0,2,False,0,False,True,False,STOP,-610.94,,conviction,score_1,1,0,0,1,False,0.0,0,,0.0,0.0,,False,0.0,0,,0.0,0.0,0,0.0,,0.0,0,0.0
2025-12-30,SIF,,breakout,WIN,188.43,0.51,17.78,12.68,,,4832377,True,False,219,3.05,5.96,5.78,6.5,6.05,2071,False,0,13:09 ET,STANDARD,2.0,0,False,0,False,True,False,TRAIL,188.43,,conviction,score_2,2,1,0,1,False,0.0,0,,0.0,0.0,,False,0.0,0,,0.0,0.0,0,0.0,,0.0,0,0.0
2025-12-31,ANGH,,breakout,LOSS,-590.55,-1.06,80.6,558.54,,,1921830,True,False,1,2.9,4.08,3.96,4.45,3.95,4542,False,0,09:31 ET,STRONG,3.0,2,False,0,False,True,False,STOP,-590.55,,conviction,score_1,1,0,0,1,False,0.0,0,,0.0,0.0,,False,0.0,0,,0.0,0.0,0,0.0,,0.0,0,0.0
2026-01-02,BUUU,,breakout,WIN,789.26,2.13,55.61,8.75,,,3138827,True,False,70,3.05,7.01,6.8,7.65,7.46,1760,False,0,10:40 ET,STANDARD,2.0,0,False,0,False,True,False,TRAIL,789.26,,conviction,score_1,1,0,0,1,False,0.0,0,,0.0,0.0,,False,0.0,0,,0.0,0.0,0,0.0,,0.0,0,0.0
2026-01-02,BNAI,,breakout,WIN,524.1,1.41,83.19,15.68,,,4060927,True,False,8,3.02,2.84,2.75,3.09,2.96,4355,False,0,09:38 ET,STANDARD,2.0,0,True,3,False,True,False,TRAIL,524.1,,conviction,score_1,1,0,0,1,False,0.0,0,,0.0,0.0,,False,0.0,0,,0.0,0.0,0,0.0,,0.0,0,0.0
2026-01-05,UUU,,breakout,LOSS,-411.47,-1.11,40.27,14.58,,,1155455,True,False,22,3.04,6.68,6.48,7.28,6.46,1847,False,0,09:52 ET,STANDARD,2.0,0,False,0,False,True,False,STOP,-411.47,,conviction,score_1,1,0,0,1,False,0.0,0,,0.0,0.0,,False,0.0,0,,0.0,0.0,0,0.0,,0.0,0,0.0
2026-01-05,INBS,,breakout,LOSS,-407.96,-1.1,93.28,5.18,,,2171366,True,False,16,3.01,10.66,10.34,11.62,10.31,1158,False,0,09:46 ET,STANDARD,2.0,0,False,0,False,True,False,STOP,-407.96,,conviction,score_2,2,1,0,1,False,0.0,0,,0.0,0.0,,False,0.0,0,,0.0,0.0,0,0.0,,0.0,0,0.0
2026-01-05,PASG,,breakout,LOSS,-299.67,-0.81,42.86,8.97,,,2886804,True,False,16,3.03,14.3,13.87,15.59,14.43,863,False,0,09:46 ET,STANDARD,2.0,0,False,0,False,True,False,TRAIL,106.61,,conviction,score_1,1,0,0,1,True,14.9098,828,TRAIL,14.4191,-406.28,,False,0.0,0,,0.0,0.0,0,0.0,,0.0,0,0.0
2026-01-05,MNTS,,breakout,WIN,69.8,0.19,103.83,9.96,,,9240470,True,False,16,2.98,10.08,9.78,10.99,10.14,1225,False,0,09:46 ET,STANDARD,2.0,0,False,0,False,True,False,TRAIL,69.8,,conviction,score_1,1,0,0,1,False,0.0,0,,0.0,0.0,,False,0.0,0,,0.0,0.0,0,0.0,,0.0,0,0.0
2026-01-05,GHRS,,breakout,LOSS,-202.72,-1.1,43.5,21.22,,,26724124,True,False,16,3.0,17.86,17.32,19.46,17.27,345,False,0,09:46 ET,STANDARD → ROSS-HALF (0/3 gates),1.0,0,False,0,False,True,False,STOP,-202.72,,conviction,score_0,0,0,0,0,False,0.0,0,,0.0,0.0,,False,0.0,0,,0.0,0.0,0,0.0,,0.0,0,0.0
2026-01-06,CELZ,,bull_flag,LOSS,-419.48,-1.13,22.54,6.87,,,3431395,True,False,27,3.11,2.4,2.33,2.62,2.32,5135,False,0,09:57 ET,STANDARD,2.0,0,False,0,False,True,False,STOP,-419.48,,conviction,score_1,1,0,0,1,False,0.0,0,,0.0,0.0,,False,0.0,0,,0.0,0.0,0,0.0,,0.0,0,0.0
2026-01-06,CYCN,,breakout,LOSS,-305.77,-1.1,65.22,163.25,,,3492720,True,False,1,3.01,2.13,2.07,2.33,2.06,4339,False,0,09:31 ET,STRONG → ROSS-HALF (0/3 gates),1.5,2,False,0,False,True,False,STOP,-305.77,,conviction,score_0,0,0,0,0,False,0.0,0,,0.0,0.0,,False,0.0,0,,0.0,0.0,0,0.0,,0.0,0,0.0
2026-01-06,ELAB,,breakout,WIN,503.19,2.72,495.65,6.61,,,4543706,True,False,1,3.03,8.48,8.22,9.24,9.17,728,False,0,09:31 ET,STANDARD → ROSS-HALF (0/3 gates),1.0,0,False,0,False,True,False,TRAIL,503.19,,conviction,score_0,0,0,0,0,False,0.0,0,,0.0,0.0,,False,0.0,0,,0.0,0.0,0,0.0,,0.0,0,0.0
2026-01-06,TRT,,breakout,LOSS,-409.97,-1.11,18.67,6.25,,,5978888,True,False,21,3.03,6.71,6.51,7.32,6.49,1839,False,0,09:51 ET,STANDARD,2.0,0,False,0,False,True,False,STOP,-409.97,,conviction,score_1,1,0,0,1,False,0.0,0,,0.0,0.0,,False,0.0,0,,0.0,0.0,0,0.0,,0.0,0,0.0
2026-01-06,AEVA,,breakout,LOSS,-219.03,-1.18,40.79,10.96,,,30523735,True,False,1,1.61,15.6,15.35,16.35,15.3,737,False,0,09:31 ET,STANDARD → ROSS-HALF (0/3 gates),1.0,0,True,3,False,True,False,STOP,-219.03,,conviction,score_0,0,0,0,0,False,0.0,0,,0.0,0.0,,False,0.0,0,,0.0,0.0,0,0.0,,0.0,0,0.0
2026-01-08,SXTC,,breakout,WIN,1353.88,2.44,248.99,836.39,,,740787,True,False,19,3.04,2.82,2.73,3.07,3.02,6579,False,0,09:49 ET,STRONG,3.0,2,False,0,False,True,False,TRAIL,1353.88,,conviction,score_1,1,0,0,1,False,0.0,0,,0.0,0.0,,False,0.0,0,,0.0,0.0,0,0.0,,0.0,0,0.0
2026-01-08,ACON,,breakout,LOSS,-601.14,-1.08,62.78,487.54,,,2206225,True,False,1,2.96,8.27,8.03,9.02,8.01,2238,False,0,09:31 ET,STRONG,3.0,2,False,0,False,True,False,STOP,-601.14,,conviction,score_1,1,1,0,0,False,0.0,0,,0.0,0.0,,False,0.0,0,,0.0,0.0,0,0.0,,0.0,0,0.0
2026-01-08,FLYX,,breakout,WIN,1011.78,1.82,182.8,6553.95,,,11475821,True,False,1,3.02,5.85,5.67,6.37,6.17,3168,False,0,09:31 ET,STRONG,3.0,2,False,0,False,True,False,TRAIL,1011.78,,conviction,score_1,1,1,0,0,False,0.0,0,,0.0,0.0,,False,0.0,0,,0.0,0.0,0,0.0,,0.0,0,0.0
2026-01-08,MLTX,,breakout,LOSS,-203.15,-1.1,45.17,14.4,,,39260563,True,False,1,3.0,15.7,15.23,17.11,15.18,393,False,0,09:31 ET,STANDARD → ROSS-HALF (0/3 gates),1.0,0,False,0,False,True,False,STOP,-203.15,,conviction,score_0,0,0,0,0,False,0.0,0,,0.0,0.0,,False,0.0,0,,0.0,0.0,0,0.0,,0.0,0,0.0
2026-01-08,AVXX,,breakout,WIN,580.17,1.57,33.24,5.04,,,0,False,False,1,3.0,16.43,15.94,17.91,17.21,751,False,0,09:31 ET,STANDARD,2.0,0,False,0,False,True,False,TRAIL,580.17,shooting_star,conviction,score_2,2,1,0,1,False,0.0,0,,0.0,0.0,,False,0.0,0,,0.0,0.0,0,0.0,,0.0,0,0.0
2026-01-09,SDEV,,breakout,WIN,270.85,0.73,110.89,5.56,,,7155819,True,False,13,3.03,10.61,10.29,11.57,10.84,1163,False,0,09:43 ET,STANDARD,2.0,0,False,0,False,True,False,TRAIL,270.85,,conviction,score_1,1,0,0,1,False,0.0,0,,0.0,0.0,,False,0.0,0,,0.0,0.0,0,0.0,,0.0,0,0.0
2026-01-09,OKYO,,breakout,LOSS,-411.31,-1.11,22.41,5.63,,,20770429,True,False,1,3.04,2.76,2.68,3.01,2.67,4468,False,0,09:31 ET,STANDARD,2.0,0,False,0,False,True,False,STOP,-411.31,,conviction,score_1,1,0,0,1,False,0.0,0,,0.0,0.0,,False,0.0,0,,0.0,0.0,0,0.0,,0.0,0,0.0
2026-01-09,OPAD,,breakout,LOSS,-432.54,-1.17,75.66,99.81,,,42205632,True,False,1,3.21,2.29,2.22,2.5,2.21,5384,False,0,09:31 ET,STANDARD,2.0,1,False,0,False,True,False,STOP,-432.54,,conviction,score_1,1,0,0,1,False,0.0,0,,0.0,0.0,,False,0.0,0,,0.0,0.0,0,0.0,,0.0,0,0.0
2026-01-09,ZNTL,,breakout,WIN,480.06,1.3,33.98,9.39,,,48841665,True,False,5,3.07,3.31,3.21,3.61,3.44,3729,False,0,09:35 ET,STANDARD,2.0,0,False,0,False,True,False,TRAIL,480.06,,conviction,score_2,2,1,0,1,False,0.0,0,,0.0,0.0,,False,0.0,0,,0.0,0.0,0,0.0,,0.0,0,0.0
2026-01-09,OPEG,,breakout,WIN,1180.32,3.19,43.39,5.36,,,0,False,False,4,3.01,14.92,14.47,16.26,16.35,827,False,0,09:34 ET,STANDARD,2.0,0,False,0,False,True,False,TRAIL,1180.32,shooting_star,conviction,score_1,1,0,0,1,False,0.0,0,,0.0,0.0,,False,0.0,0,,0.0,0.0,0,0.0,,0.0,0,0.0
2026-01-12,OM,,breakout,LOSS,-405.21,-1.09,42.32,51.57,,,15589820,True,False,143,2.99,5.73,5.56,6.25,5.54,2154,False,0,11:53 ET,STANDARD,2.0,1,True,3,False,True,False,STOP,-405.21,,conviction,score_1,1,1,0,0,False,0.0,0,,0.0,0.0,,False,0.0,0,,0.0,0.0,0,0.0,,0.0,0,0.0
2026-01-12,OSS,,breakout,LOSS,-326.11,-1.76,32.84,7.2,,,21506690,True,False,16,2.95,9.09,8.82,9.91,9.07,679,False,0,09:46 ET,STANDARD → ROSS-HALF (0/3 gates),1.0,0,False,0,False,True,False,TRAIL,-14.27,,conviction,score_0,0,0,0,0,True,9.2935,1328,TRAIL,9.0587,-311.84,,False,0.0,0,,0.0,0.0,0,0.0,,0.0,0,0.0
2026-01-12,KBAB,,breakout,WIN,677.18,1.83,21.99,5.74,,,0,False,False,19,2.98,16.92,16.42,18.45,17.78,729,False,0,09:49 ET,STANDARD,2.0,0,False,0,False,True,False,TRAIL,626.11,shooting_star,conviction,score_1,1,0,0,1,True,17.305,713,TRAIL,17.3767,51.07,shooting_star,False,0.0,0,,0.0,0.0,0,0.0,,0.0,0,0.0
2026-01-13,QETA,,breakout,LOSS,-603.17,-1.09,15.46,103.33,,,830538,True,False,130,2.97,13.02,12.63,14.19,12.59,1423,False,0,11:40 ET,STRONG,3.0,2,False,0,False,True,False,STOP,-603.17,,conviction,score_1,1,0,0,1,False,0.0,0,,0.0,0.0,,False,0.0,0,,0.0,0.0,0,0.0,,0.0,0,0.0
2026-01-13,AHMA,,breakout,WIN,119.23,0.32,161.93,22.53,,,2144956,True,False,1,2.96,10.92,10.6,11.91,11.03,1130,False,0,09:31 ET,STANDARD,2.0,0,False,0,False,True,False,TRAIL,119.23,,conviction,score_1,1,0,0,1,False,0.0,0,,0.0,0.0,,False,0.0,0,,0.0,0.0,0,0.0,,0.0,0,0.0
2026-01-13,WATT,,breakout,WIN,708.35,1.91,48.28,67.76,,,3876397,True,False,1,3.05,7.02,6.81,7.66,7.43,1758,False,0,09:31 ET,STANDARD,2.0,1,False,0,False,True,False,TRAIL,708.35,,conviction,score_2,2,1,0,1,False,0.0,0,,0.0,0.0,,False,0.0,0,,0.0,0.0,0,0.0,,0.0,0,0.0
2026-01-13,PDYN,,breakout,LOSS,-411.27,-1.11,22.01,5.4,,,34787340,True,False,1,3.04,7.39,7.17,8.06,7.15,1670,False,0,09:31 ET,STANDARD,2.0,0,True,3,False,True,False,STOP,-411.27,,conviction,score_1,1,0,0,1,False,0.0,0,,0.0,0.0,,False,0.0,0,,0.0,0.0,0,0.0,,0.0,0,0.0
2026-01-14,LFS,,breakout,LOSS,-390.39,-1.05,44.53,13.92,,,6594046,True,False,42,2.87,3.0,2.91,3.27,2.9,4122,False,0,10:12 ET,STANDARD,2.0,0,True,3,False,True,False,STOP,-390.39,,conviction,score_1,1,0,0,1,False,0.0,0,,0.0,0.0,,False,0.0,0,,0.0,0.0,0,0.0,,0.0,0,0.0
2026-01-14,INDO,,breakout,WIN,418.47,1.13,18.14,5.9,,,9922512,True,False,204,3.01,4.63,4.49,5.05,4.79,2667,False,0,12:54 ET,STANDARD,2.0,0,False,0,False,True,False,TRAIL,418.47,bearish_engulfing,conviction,score_2,2,1,0,1,False,0.0,0,,0.0,0.0,,False,0.0,0,,0.0,0.0,0,0.0,,0.0,0,0.0
2026-01-14,TENX,,breakout,WIN,650.64,1.76,22.13,5.51,,,10613977,True,False,110,3.01,16.85,16.34,18.36,17.73,733,False,0,11:20 ET,STANDARD,2.0,0,False,0,False,True,False,EOD,650.64,topping_tail,conviction,score_2,2,1,0,1,False,0.0,0,,0.0,0.0,,False,0.0,0,,0.0,0.0,0,0.0,,0.0,0,0.0
2026-01-14,BEEM,,breakout,LOSS,-604.44,-1.09,30.51,291.83,,,21639442,True,False,6,2.97,2.24,2.17,2.44,2.16,8283,False,0,09:36 ET,STRONG,3.0,2,True,3,False,True,False,STOP,-604.44,,conviction,score_1,1,0,0,1,False,0.0,0,,0.0,0.0,,False,0.0,0,,0.0,0.0,0,0.0,,0.0,0,0.0
2026-01-15,MLEC,,breakout,LOSS,-415.41,-1.12,267.14,21.67,,,726118,True,False,41,3.07,3.83,3.71,4.17,3.7,3226,False,0,10:11 ET,STANDARD,2.0,0,False,0,False,True,False,STOP,-415.41,,conviction,score_1,1,0,0,1,False,0.0,0,,0.0,0.0,,False,0.0,0,,0.0,0.0,0,0.0,,0.0,0,0.0
2026-01-15,RAYA,,bull_flag,WIN,310.43,0.56,26.51,169.48,,,973834,True,False,105,2.93,3.67,3.56,4.0,3.73,5051,False,0,11:15 ET,STRONG,3.0,2,True,3,False,True,False,TRAIL,310.43,,conviction,score_1,1,0,0,1,False,0.0,0,,0.0,0.0,,False,0.0,0,,0.0,0.0,0,0.0,,0.0,0,0.0
2026-01-15,SPHL,,breakout,LOSS,-598.87,-1.08,1016.0,1075.98,,,1011981,True,False,1,2.94,7.66,7.43,8.34,7.41,2419,False,0,09:31 ET,STRONG,3.0,2,True,3,False,True,False,STOP,-598.87,,conviction,score_2,2,1,0,1,False,0.0,0,,0.0,0.0,,False,0.0,0,,0.0,0.0,0,0.0,,0.0,0,0.0
2026-01-15,CJMB,,breakout,WIN,1297.21,4.67,400.89,2850.5,,,2421400,True,False,2,2.95,2.91,2.82,3.17,3.31,3187,False,0,09:32 ET,STRONG → ROSS-HALF (0/3 gates),1.5,2,True,3,False,True,False,TRAIL,1297.21,,conviction,score_0,0,0,0,0,False,0.0,0,,0.0,0.0,,False,0.0,0,,0.0,0.0,0,0.0,,0.0,0,0.0
2026-01-15,NUWE,,breakout,LOSS,-390.75,-1.06,50.0,35.98,,,2609176,True,False,8,2.87,2.24,2.18,2.45,2.17,5502,False,0,09:38 ET,STANDARD,2.0,0,False,0,False,True,False,STOP,-390.75,,conviction,score_1,1,0,0,1,False,0.0,0,,0.0,0.0,,False,0.0,0,,0.0,0.0,0,0.0,,0.0,0,0.0
2026-01-15,RFIL,,breakout,WIN,1005.74,5.43,28.85,12.44,,,8601452,True,False,1,0.9,8.58,8.5,8.81,9.0,2402,False,0,09:31 ET,STANDARD → ROSS-HALF (0/3 gates),1.0,0,False,0,False,True,False,TRAIL,1005.74,,conviction,score_0,0,0,0,0,False,0.0,0,,0.0,0.0,,False,0.0,0,,0.0,0.0,0,0.0,,0.0,0,0.0
2026-01-15,CPSH,,breakout,WIN,192.27,0.52,15.45,5.59,,,13287698,True,False,119,2.97,5.05,4.9,5.5,5.13,2445,False,0,11:29 ET,STANDARD,2.0,0,False,0,False,True,False,TRAIL,192.27,topping_tail,conviction,score_2,2,1,0,1,False,0.0,0,,0.0,0.0,,False,0.0,0,,0.0,0.0,0,0.0,,0.0,0,0.0
2026-01-15,AUID,,breakout,LOSS,-629.26,-1.13,146.85,973.5,,,14275476,True,False,1,3.11,2.06,2.0,2.25,1.99,8974,False,0,09:31 ET,STRONG,3.0,2,True,3,False,True,False,STOP,-629.26,,conviction,score_1,1,0,0,1,False,0.0,0,,0.0,0.0,,False,0.0,0,,0.0,0.0,0,0.0,,0.0,0,0.0
2026-01-15,CGTL,,breakout,WIN,174.14,0.47,112.8,7.09,,,16374992,True,False,1,3.09,3.46,3.35,3.77,3.51,3572,False,0,09:31 ET,STANDARD,2.0,0,False,0,False,True,False,TRAIL,174.14,,conviction,score_1,1,0,0,1,False,0.0,0,,0.0,0.0,,False,0.0,0,,0.0,0.0,0,0.0,,0.0,0,0.0
2026-01-15,RILY,,breakout,LOSS,-201.45,-1.09,45.49,7.94,,,24156421,True,False,1,2.97,9.73,9.44,10.61,9.41,634,False,0,09:31 ET,STANDARD → ROSS-HALF (0/3 gates),1.0,0,False,0,False,True,False,STOP,-201.45,,conviction,score_0,0,0,0,0,False,0.0,0,,0.0,0.0,,False,0.0,0,,0.0,0.0,0,0.0,,0.0,0,0.0
2026-01-15,TII,,breakout,LOSS,-205.77,-1.11,40.13,32.9,,,36378393,True,False,1,3.04,3.52,3.41,3.83,3.4,1755,False,0,09:31 ET,STANDARD → ROSS-HALF (0/3 gates),1.0,0,False,0,False,True,False,STOP,-205.77,,conviction,score_0,0,0,0,0,False,0.0,0,,0.0,0.0,,False,0.0,0,,0.0,0.0,0,0.0,,0.0,0,0.0
2026-01-15,RILYT,,breakout,WIN,288.84,0.78,16.61,5.62,,,0,False,False,3,2.99,18.64,18.08,20.31,19.07,662,False,0,09:33 ET,STANDARD,2.0,0,False,0,False,True,False,TRAIL,288.84,,conviction,score_1,1,0,0,1,False,0.0,0,,0.0,0.0,,False,0.0,0,,0.0,0.0,0,0.0,,0.0,0,0.0
2026-01-16,LCFY,,breakout,LOSS,-608.57,-1.1,98.08,3625.07,,,1405296,True,False,1,2.99,6.06,5.88,6.61,5.86,3056,False,0,09:31 ET,STRONG,3.0,2,False,0,False,True,False,STOP,-608.57,,conviction,score_2,2,1,0,1,False,0.0,0,,0.0,0.0,,False,0.0,0,,0.0,0.0,0,0.0,,0.0,0,0.0
2026-01-16,BIYA,,breakout,WIN,152.35,0.41,94.9,66.55,,,4681163,True,False,30,2.99,7.17,6.96,7.82,7.26,1721,False,0,10:00 ET,STANDARD,2.0,1,True,3,False,True,False,TRAIL,152.35,,conviction,score_2,2,1,0,1,False,0.0,0,,0.0,0.0,,False,0.0,0,,0.0,0.0,0,0.0,,0.0,0,0.0
2026-01-20,IVF,,breakout,LOSS,-612.28,-1.1,463.76,119.56,,,377928,True,False,1,3.01,3.7,3.59,4.03,3.58,5004,False,0,09:31 ET,STRONG,3.0,2,False,0,False,True,False,STOP,-612.28,,conviction,score_2,2,1,0,1,False,0.0,0,,0.0,0.0,,False,0.0,0,,0.0,0.0,0,0.0,,0.0,0,0.0
2026-01-20,SONM,,breakout,LOSS,-409.53,-1.11,29.36,5.35,,,1210542,True,False,191,3.03,5.66,5.49,6.17,5.47,2181,False,0,12:41 ET,STANDARD,2.0,0,False,0,False,True,False,STOP,-409.53,,conviction,score_2,2,1,0,1,False,0.0,0,,0.0,0.0,,False,0.0,0,,0.0,0.0,0,0.0,,0.0,0,0.0
2026-01-20,RAY,,breakout,WIN,694.08,1.87,35.6,5.69,,,1551819,True,False,7,3.0,4.1,3.98,4.47,4.33,3009,False,0,09:37 ET,STANDARD,2.0,0,False,0,False,True,False,TRAIL,694.08,,conviction,score_1,1,0,0,1,False,0.0,0,,0.0,0.0,,False,0.0,0,,0.0,0.0,0,0.0,,0.0,0,0.0
2026-01-20,BTTC,,breakout,LOSS,-417.22,-1.13,95.29,38.08,,,10774621,True,False,7,3.09,3.12,3.02,3.4,3.01,3963,False,0,09:37 ET,STANDARD,2.0,0,False,0,False,True,False,STOP,-417.22,,conviction,score_2,2,1,0,1,False,0.0,0,,0.0,0.0,,False,0.0,0,,0.0,0.0,0,0.0,,0.0,0,0.0
2026-01-20,TWG,,breakout,LOSS,-407.5,-1.1,135.06,36.74,,,19388477,True,False,1,3.01,7.47,7.25,8.15,7.23,1652,False,0,09:31 ET,STANDARD,2.0,0,False,0,False,True,False,STOP,-407.5,,conviction,score_1,1,1,0,0,False,0.0,0,,0.0,0.0,,False,0.0,0,,0.0,0.0,0,0.0,,0.0,0,0.0
2026-01-21,MLEC,,breakout,LOSS,-405.16,-1.09,77.45,7.3,,,726118,True,False,30,2.99,7.16,6.95,7.81,6.93,1723,False,0,10:00 ET,STANDARD,2.0,0,False,0,False,True,False,STOP,-405.16,,conviction,score_1,1,1,0,0,False,0.0,0,,0.0,0.0,,False,0.0,0,,0.0,0.0,0,0.0,,0.0,0,0.0
2026-01-21,PAVM,,breakout,LOSS,-612.35,-1.1,359.45,181.82,,,1671610,True,False,1,3.02,18.82,18.25,20.51,18.2,984,False,0,09:31 ET,STRONG,3.0,2,False,0,False,True,False,STOP,-612.35,,conviction,score_1,1,0,0,1,False,0.0,0,,0.0,0.0,,False,0.0,0,,0.0,0.0,0,0.0,,0.0,0,0.0
2026-01-21,SLGB,,breakout,LOSS,-602.35,-1.08,216.26,236.13,,,3000110,True,False,1,2.96,3.8,3.69,4.14,3.68,4871,False,0,09:31 ET,STRONG,3.0,2,True,3,False,True,False,STOP,-602.35,,conviction,score_2,2,1,0,1,False,0.0,0,,0.0,0.0,,False,0.0,0,,0.0,0.0,0,0.0,,0.0,0,0.0
2026-01-21,BOXL,,breakout,LOSS,-608.89,-1.1,102.4,130.72,,,3707542,True,False,1,3.0,2.37,2.3,2.58,2.29,7813,False,0,09:31 ET,STRONG,3.0,2,True,3,False,True,False,STOP,-608.89,,conviction,score_1,1,1,0,0,False,0.0,0,,0.0,0.0,,False,0.0,0,,0.0,0.0,0,0.0,,0.0,0,0.0
2026-01-21,LSTA,,breakout,WIN,164.2,0.3,93.06,142.39,,,7188767,True,False,1,2.45,4.0,3.9,4.29,4.03,5672,False,0,09:31 ET,STRONG,3.0,2,False,0,False,True,False,EOD,164.2,,conviction,score_1,1,0,0,1,False,0.0,0,,0.0,0.0,,False,0.0,0,,0.0,0.0,0,0.0,,0.0,0,0.0
2026-01-21,NEOV,,breakout,LOSS,-6.43,-0.02,34.23,8.83,,,37453113,True,False,2,3.07,5.22,5.06,5.69,5.22,2365,False,0,09:32 ET,STANDARD,2.0,0,False,0,False,True,False,TRAIL,-6.43,,conviction,score_1,1,0,0,1,False,0.0,0,,0.0,0.0,,False,0.0,0,,0.0,0.0,0,0.0,,0.0,0,0.0
2026-01-22,NAMM,,breakout,WIN,56.38,0.15,130.97,27.05,,,7061497,True,False,28,2.91,2.4,2.33,2.62,2.41,5146,False,0,09:58 ET,STANDARD,2.0,0,False,0,False,True,False,TRAIL,56.38,,conviction,score_2,2,1,0,1,False,0.0,0,,0.0,0.0,,False,0.0,0,,0.0,0.0,0,0.0,,0.0,0,0.0
2026-01-22,SVACU,,breakout,WIN,2747.47,4.95,31.07,602.95,,,23000000,True,False,1,2.99,11.47,11.13,12.51,13.12,1614,False,0,09:31 ET,STRONG,3.0,2,False,0,False,True,False,TRAIL,2652.34,,conviction,score_1,1,0,0,1,True,11.5731,1067,TRAIL,11.6623,95.13,shooting_star,False,0.0,0,,0.0,0.0,0,0.0,,0.0,0,0.0
2026-01-22,SVAC,,breakout,WIN,609.91,1.1,18.46,466.28,,,23000000,True,False,1,3.01,11.02,10.69,12.01,11.38,1680,False,0,09:31 ET,STRONG,3.0,2,False,0,False,True,False,TRAIL,609.91,,conviction,score_2,2,1,0,1,False,0.0,0,,0.0,0.0,,False,0.0,0,,0.0,0.0,0,0.0,,0.0,0,0.0
2026-01-23,KUST,,breakout,LOSS,-632.9,-1.14,119.61,253.1,,,626847,True,False,1,3.13,3.42,3.31,3.72,3.3,5421,False,0,09:31 ET,STRONG,3.0,2,True,3,False,True,False,STOP,-632.9,,conviction,score_1,1,0,0,1,False,0.0,0,,0.0,0.0,,False,0.0,0,,0.0,0.0,0,0.0,,0.0,0,0.0
2026-01-23,DRCT,,breakout,LOSS,-410.09,-1.11,161.47,5.78,,,695938,True,False,1,3.03,5.48,5.31,5.97,5.29,2255,False,0,09:31 ET,STANDARD,2.0,0,True,3,False,True,False,STOP,-410.09,,conviction,score_2,2,1,0,1,False,0.0,0,,0.0,0.0,,False,0.0,0,,0.0,0.0,0,0.0,,0.0,0,0.0
2026-01-23,SLE,,breakout,LOSS,-200.21,-1.08,1597.47,14.97,,,1255561,True,False,1,2.95,8.72,8.46,9.5,8.43,708,False,0,09:31 ET,STANDARD → ROSS-HALF (0/3 gates),1.0,0,False,0,False,True,False,STOP,-200.21,,conviction,score_0,0,0,0,0,False,0.0,0,,0.0,0.0,,False,0.0,0,,0.0,0.0,0,0.0,,0.0,0,0.0
2026-01-23,QCLS,,breakout,WIN,278.8,0.75,55.53,19.46,,,7778586,True,False,77,3.08,4.51,4.37,4.91,4.61,2738,False,0,10:47 ET,STANDARD,2.0,0,False,0,False,True,False,TRAIL,278.8,,conviction,score_2,2,1,0,1,False,0.0,0,,0.0,0.0,,False,0.0,0,,0.0,0.0,0,0.0,,0.0,0,0.0
2026-01-26,NAMM,,breakout,LOSS,-418.96,-1.13,80.32,5.5,,,7061497,True,False,16,3.1,4.82,4.67,5.25,4.66,2562,False,0,09:46 ET,STANDARD,2.0,0,True,3,False,True,False,STOP,-418.96,,conviction,score_1,1,0,0,1,False,0.0,0,,0.0,0.0,,False,0.0,0,,0.0,0.0,0,0.0,,0.0,0,0.0
2026-01-26,AUST,,breakout,LOSS,-16.98,-0.05,21.1,5.16,,,7772284,True,False,16,2.82,2.68,2.6,2.92,2.67,4616,False,0,09:46 ET,STANDARD,2.0,0,False,0,False,True,False,TRAIL,-16.98,,conviction,score_1,1,0,0,1,False,0.0,0,,0.0,0.0,,False,0.0,0,,0.0,0.0,0,0.0,,0.0,0,0.0
2026-01-26,SWAG,,breakout,LOSS,-15.58,-0.08,23.85,8.11,,,9788261,True,False,16,3.04,2.46,2.39,2.69,2.46,2505,False,0,09:46 ET,STANDARD → ROSS-HALF (0/3 gates),1.0,0,False,0,False,True,False,TRAIL,-15.58,,conviction,score_0,0,0,0,0,False,0.0,0,,0.0,0.0,,False,0.0,0,,0.0,0.0,0,0.0,,0.0,0,0.0
2026-01-26,LE,,breakout,WIN,262.18,0.71,42.63,15.48,,,11829732,True,False,16,3.0,18.76,18.2,20.45,19.16,658,False,0,09:46 ET,STANDARD,2.0,0,False,0,False,True,False,TRAIL,262.18,topping_tail,conviction,score_2,2,1,0,1,False,0.0,0,,0.0,0.0,,False,0.0,0,,0.0,0.0,0,0.0,,0.0,0,0.0
2026-01-26,BATL,,breakout,WIN,116.33,0.21,438.28,348.91,,,13311408,True,False,16,2.95,5.81,5.64,6.33,5.85,3187,False,0,09:46 ET,STRONG,3.0,2,False,0,False,True,False,TRAIL,116.33,,conviction,score_1,1,0,0,1,False,0.0,0,,0.0,0.0,,False,0.0,0,,0.0,0.0,0,0.0,,0.0,0,0.0
2026-01-26,ABOS,,breakout,LOSS,-405.3,-1.09,52.02,61.04,,,37013746,True,False,16,2.99,2.87,2.78,3.12,2.77,4309,False,0,09:46 ET,STANDARD,2.0,1,True,3,False,True,False,STOP,-405.3,,conviction,score_2,2,1,0,1,False,0.0,0,,0.0,0.0,,False,0.0,0,,0.0,0.0,0,0.0,,0.0,0,0.0
2026-01-27,GITS,,breakout,LOSS,-12.51,-0.07,271.2,18.54,,,2307880,True,False,2,3.13,2.09,2.02,2.27,2.08,2961,False,0,09:32 ET,STANDARD → ROSS-HALF (0/3 gates),1.0,0,False,0,False,True,False,TRAIL,-12.51,,conviction,score_0,0,0,0,0,False,0.0,0,,0.0,0.0,,False,0.0,0,,0.0,0.0,0,0.0,,0.0,0,0.0
2026-01-27,NUWE,,breakout,WIN,384.99,1.39,129.76,364.7,,,2609176,True,False,1,2.94,4.33,4.2,4.72,4.51,2140,False,0,09:31 ET,STRONG → ROSS-HALF (0/3 gates),1.5,2,True,3,False,True,False,TRAIL,384.99,,conviction,score_0,0,0,0,0,False,0.0,0,,0.0,0.0,,False,0.0,0,,0.0,0.0,0,0.0,,0.0,0,0.0
2026-01-27,ONEG,,breakout,WIN,0.15,0.0,74.31,5.54,,,7000000,True,False,16,2.88,3.73,3.62,4.06,3.73,3313,False,0,09:46 ET,STANDARD,2.0,0,False,0,False,True,False,TRAIL,0.15,,conviction,score_1,1,0,0,1,False,0.0,0,,0.0,0.0,,False,0.0,0,,0.0,0.0,0,0.0,,0.0,0,0.0
2026-01-27,PHGE,,breakout,LOSS,-406.02,-1.1,93.9,58.45,,,7800033,True,False,9,3.0,7.5,7.28,8.18,7.26,1645,False,0,09:39 ET,STANDARD,2.0,1,True,3,False,True,False,STOP,-406.02,,conviction,score_2,2,1,0,1,False,0.0,0,,0.0,0.0,,False,0.0,0,,0.0,0.0,0,0.0,,0.0,0,0.0
2026-01-27,NETG,,breakout,WIN,217.5,0.59,30.08,34.28,,,0,False,False,1,2.98,14.05,13.63,15.31,14.3,879,False,0,09:31 ET,STANDARD,2.0,0,False,0,False,True,False,TRAIL,217.5,,conviction,score_1,1,0,0,1,False,0.0,0,,0.0,0.0,,False,0.0,0,,0.0,0.0,0,0.0,,0.0,0,0.0
2026-01-28,SLGB,,breakout,LOSS,-383.58,-1.04,109.95,9.06,,,3000110,True,False,4,2.81,2.29,2.23,2.5,2.22,5382,False,0,09:34 ET,STANDARD,2.0,0,True,3,False,True,False,STOP,-383.58,,conviction,score_2,2,1,0,1,False,0.0,0,,0.0,0.0,,False,0.0,0,,0.0,0.0,0,0.0,,0.0,0,0.0
2026-01-28,MRNO,,breakout,LOSS,-198.17,-1.07,113.97,22.48,,,4117250,True,False,1,2.92,2.89,2.81,3.15,2.8,2133,False,0,09:31 ET,STANDARD → ROSS-HALF (0/3 gates),1.0,0,False,0,False,True,False,STOP,-198.17,,conviction,score_0,0,0,0,0,False,0.0,0,,0.0,0.0,,False,0.0,0,,0.0,0.0,0,0.0,,0.0,0,0.0
2026-01-28,CPSH,,breakout,LOSS,-201.99,-1.09,22.32,6.33,,,13287698,True,False,1,2.98,6.11,5.93,6.66,5.91,1010,False,0,09:31 ET,STANDARD → ROSS-HALF (0/3 gates),1.0,0,False,0,False,True,False,STOP,-201.99,,conviction,score_0,0,0,0,0,False,0.0,0,,0.0,0.0,,False,0.0,0,,0.0,0.0,0,0.0,,0.0,0,0.0
2026-01-28,PDYN,,breakout,LOSS,-402.72,-1.09,46.78,31.83,,,34787340,True,False,1,2.97,9.38,9.1,10.22,9.07,1316,False,0,09:31 ET,STANDARD,2.0,0,True,3,False,True,False,STOP,-402.72,,conviction,score_1,1,0,0,1,False,0.0,0,,0.0,0.0,,False,0.0,0,,0.0,0.0,0,0.0,,0.0,0,0.0
2026-01-29,BJDX,,breakout,WIN,19.02,0.05,370.13,5.12,,,844452,True,False,1,3.01,3.56,3.45,3.88,3.56,3471,False,0,09:31 ET,STANDARD,2.0,0,True,3,False,True,False,TRAIL,19.02,,conviction,score_1,1,0,0,1,False,0.0,0,,0.0,0.0,,False,0.0,0,,0.0,0.0,0,0.0,,0.0,0,0.0
2026-01-29,XHLD,,breakout,LOSS,-415.93,-1.12,78.04,8.44,,,2264836,True,False,1,3.08,4.34,4.21,4.73,4.2,2843,False,0,09:31 ET,STANDARD,2.0,0,False,0,False,True,False,STOP,-415.93,,conviction,score_2,2,1,0,1,False,0.0,0,,0.0,0.0,,False,0.0,0,,0.0,0.0,0,0.0,,0.0,0,0.0
2026-01-29,KRRO,,breakout,WIN,8.99,0.05,27.84,5.31,,,9358085,True,False,1,3.03,13.44,13.03,14.65,13.46,459,False,0,09:31 ET,STANDARD → ROSS-HALF (0/3 gates),1.0,0,False,0,False,True,False,TRAIL,8.99,,conviction,score_0,0,0,0,0,False,0.0,0,,0.0,0.0,,False,0.0,0,,0.0,0.0,0,0.0,,0.0,0,0.0
2026-01-29,GNPX,,breakout,LOSS,-412.16,-1.11,40.09,8.14,,,10564700,True,False,161,3.05,2.45,2.38,2.68,2.37,5030,False,0,12:11 ET,STANDARD,2.0,0,False,0,False,True,False,STOP,-412.16,,conviction,score_2,2,1,0,1,False,0.0,0,,0.0,0.0,,False,0.0,0,,0.0,0.0,0,0.0,,0.0,0,0.0
2026-01-29,DCX,,breakout,LOSS,-402.08,-1.09,65.69,85.17,,,19823625,True,False,12,2.97,4.48,4.35,4.89,4.34,2754,False,0,09:42 ET,STANDARD,2.0,1,False,0,False,True,False,STOP,-402.08,,conviction,score_1,1,1,0,0,False,0.0,0,,0.0,0.0,,False,0.0,0,,0.0,0.0,0,0.0,,0.0,0,0.0
2026-01-29,VENU,,breakout,LOSS,-203.15,-1.1,29.96,12.36,,,28405257,True,False,1,2.99,6.44,6.25,7.02,6.23,960,False,0,09:31 ET,STANDARD → ROSS-HALF (0/3 gates),1.0,0,False,0,False,True,False,STOP,-203.15,,conviction,score_0,0,0,0,0,False,0.0,0,,0.0,0.0,,False,0.0,0,,0.0,0.0,0,0.0,,0.0,0,0.0
2026-01-30,VIVS,,breakout,LOSS,-392.73,-1.06,100.0,97.28,,,2325676,True,False,45,2.89,3.35,3.25,3.65,3.24,3690,False,0,10:15 ET,STANDARD,2.0,1,False,0,False,True,False,STOP,-392.73,,conviction,score_2,2,1,0,1,False,0.0,0,,0.0,0.0,,False,0.0,0,,0.0,0.0,0,0.0,,0.0,0,0.0
2026-01-30,PMN,,breakout,WIN,813.63,2.93,65.35,373.45,,,4604731,True,False,1,3.02,17.71,17.17,19.3,19.26,523,False,0,09:31 ET,STRONG → ROSS-HALF (0/3 gates),1.5,2,False,0,False,True,False,TRAIL,813.63,,conviction,score_0,0,0,0,0,False,0.0,0,,0.0,0.0,,False,0.0,0,,0.0,0.0,0,0.0,,0.0,0,0.0
2026-01-30,PHOE,,breakout,WIN,6783.93,12.21,997.44,118.92,,,5500008,True,False,208,3.01,14.93,14.48,16.27,20.4,1240,False,0,12:58 ET,STRONG,3.0,2,False,0,False,True,False,TRAIL,6783.93,,conviction,score_1,1,0,0,1,False,0.0,0,,0.0,0.0,,False,0.0,0,,0.0,0.0,0,0.0,,0.0,0,0.0
2026-01-30,ZSL,,breakout,LOSS,-381.34,-1.03,77.22,5.0,,,0,False,False,1,2.8,2.1,2.04,2.29,2.03,5884,False,0,09:31 ET,STANDARD,2.0,0,False,0,False,True,False,STOP,-381.34,,conviction,score_1,1,0,0,1,False,0.0,0,,0.0,0.0,,False,0.0,0,,0.0,0.0,0,0.0,,0.0,0,0.0
2026-02-02,FIEE,,breakout,LOSS,-412.63,-1.11,29.75,64.1,,,352383,True,False,16,3.05,5.96,5.78,6.5,5.76,2071,False,0,09:46 ET,STANDARD,2.0,1,False,0,False,True,False,STOP,-412.63,,conviction,score_1,1,0,0,1,False,0.0,0,,0.0,0.0,,False,0.0,0,,0.0,0.0,0,0.0,,0.0,0,0.0
2026-02-02,JLHL,,breakout,WIN,554.31,2.99,217.43,43.67,,,1448641,True,False,44,2.95,4.0,3.88,4.36,4.36,1544,False,0,10:14 ET,STANDARD → ROSS-HALF (0/3 gates),1.0,0,False,0,False,True,False,TRAIL,554.31,,conviction,score_0,0,0,0,0,False,0.0,0,,0.0,0.0,,False,0.0,0,,0.0,0.0,0,0.0,,0.0,0,0.0
2026-02-02,TOYO,,breakout,LOSS,-410.55,-1.11,21.17,10.4,,,8688723,True,False,16,3.03,8.82,8.55,9.61,8.52,1400,False,0,09:46 ET,STANDARD,2.0,0,False,0,False,True,False,STOP,-410.55,,conviction,score_1,1,0,0,1,False,0.0,0,,0.0,0.0,,False,0.0,0,,0.0,0.0,0,0.0,,0.0,0,0.0
2026-02-02,SORA,,breakout,LOSS,-315.95,-1.14,153.67,224.99,,,9304109,True,False,31,3.12,2.05,1.99,2.24,1.98,4509,False,0,10:01 ET,STRONG → ROSS-HALF (0/3 gates),1.5,2,False,0,False,True,False,STOP,-315.95,,conviction,score_0,0,0,0,0,False,0.0,0,,0.0,0.0,,False,0.0,0,,0.0,0.0,0,0.0,,0.0,0,0.0
2026-02-02,PLAG,,breakout,WIN,311.75,0.84,50.9,10.47,,,10038476,True,False,47,3.12,3.09,2.99,3.36,3.16,4001,False,0,10:17 ET,STANDARD,2.0,0,False,0,False,True,False,TRAIL,311.75,shooting_star,conviction,score_1,1,0,0,1,False,0.0,0,,0.0,0.0,,False,0.0,0,,0.0,0.0,0,0.0,,0.0,0,0.0
2026-02-02,FUSE,,breakout,LOSS,-606.64,-1.09,132.28,3031.89,,,10097480,True,False,16,2.98,3.41,3.31,3.72,3.3,5429,False,0,09:46 ET,STRONG,3.0,2,False,0,False,True,False,STOP,-606.64,,conviction,score_2,2,1,0,1,False,0.0,0,,0.0,0.0,,False,0.0,0,,0.0,0.0,0,0.0,,0.0,0,0.0
2026-02-02,CLBK,,breakout,LOSS,-557.82,-1.51,15.98,7.97,,,26368995,True,False,16,3.0,18.58,18.02,20.25,17.97,664,False,0,09:46 ET,STANDARD,2.0,0,False,0,False,True,False,STOP,-405.8,,conviction,score_1,1,0,0,1,True,18.7675,658,TRAIL,18.5364,-152.02,bearish_engulfing,False,0.0,0,,0.0,0.0,0,0.0,,0.0,0,0.0
2026-02-02,ROMA,,breakout,WIN,914.06,2.47,289.47,40.97,,,40413370,True,False,18,2.98,2.7,2.62,2.94,2.9,4573,False,0,09:48 ET,STANDARD,2.0,0,False,0,False,True,False,TRAIL,914.06,,conviction,score_1,1,0,0,1,False,0.0,0,,0.0,0.0,,False,0.0,0,,0.0,0.0,0,0.0,,0.0,0,0.0
2026-02-03,ASPCU,,breakout,WIN,515.47,2.79,43.57,8.43,,,557583,True,False,316,3.01,17.08,16.57,18.62,18.51,361,False,0,14:46 ET,STANDARD → ROSS-HALF (0/3 gates),1.0,0,False,0,False,True,False,TRAIL,515.47,,conviction,score_0,0,0,0,0,False,0.0,0,,0.0,0.0,,False,0.0,0,,0.0,0.0,0,0.0,,0.0,0,0.0
2026-02-03,FATN,,breakout,LOSS,-414.88,-1.12,75.54,96.76,,,7896757,True,False,1,3.07,3.14,3.04,3.42,3.03,3937,False,0,09:31 ET,STANDARD,2.0,1,False,0,False,True,False,STOP,-414.88,,conviction,score_1,1,1,0,0,False,0.0,0,,0.0,0.0,,False,0.0,0,,0.0,0.0,0,0.0,,0.0,0,0.0
2026-02-04,TLF,,breakout,LOSS,-505.63,-1.36,16.87,12.09,,,3783584,True,False,1,0.82,3.25,3.22,3.33,3.21,13991,False,0,09:31 ET,STANDARD,2.0,0,False,0,False,True,False,STOP,-505.63,,conviction,score_1,1,1,0,0,False,0.0,0,,0.0,0.0,,False,0.0,0,,0.0,0.0,0,0.0,,0.0,0,0.0
2026-02-04,INNV,,breakout,LOSS,-412.16,-1.11,42.93,18.97,,,21544080,True,False,3,3.05,7.02,6.81,7.66,6.79,1758,False,0,09:33 ET,STANDARD,2.0,0,False,0,False,True,False,STOP,-412.16,,conviction,score_1,1,0,0,1,False,0.0,0,,0.0,0.0,,False,0.0,0,,0.0,0.0,0,0.0,,0.0,0,0.0
2026-02-05,RNAZ,,breakout,LOSS,-610.26,-1.1,43.36,112.54,,,835395,True,False,1,3.0,11.76,11.41,12.82,11.38,1574,False,0,09:31 ET,STRONG,3.0,2,False,0,False,True,False,STOP,-610.26,,conviction,score_1,1,1,0,0,False,0.0,0,,0.0,0.0,,False,0.0,0,,0.0,0.0,0,0.0,,0.0,0,0.0
2026-02-05,DHX,,breakout,LOSS,-401.33,-1.08,32.53,17.97,,,40148620,True,False,1,2.96,2.17,2.11,2.37,2.1,5679,False,0,09:31 ET,STANDARD,2.0,0,False,0,False,True,False,STOP,-401.33,,conviction,score_2,2,1,0,1,False,0.0,0,,0.0,0.0,,False,0.0,0,,0.0,0.0,0,0.0,,0.0,0,0.0
2026-02-05,ARMG,,breakout,WIN,257.34,0.69,18.09,7.29,,,0,False,False,142,3.01,5.7,5.53,6.21,5.82,2166,False,0,11:52 ET,STANDARD,2.0,0,False,0,False,True,False,TRAIL,257.34,topping_tail,conviction,score_2,2,1,0,1,False,0.0,0,,0.0,0.0,,False,0.0,0,,0.0,0.0,0,0.0,,0.0,0,0.0
2026-02-06,SMX,,breakout,LOSS,-412.45,-1.11,145.51,20.53,,,34940,True,False,6,3.05,9.29,9.01,10.13,8.98,1328,False,0,09:36 ET,STANDARD,2.0,0,True,3,False,True,False,STOP,-412.45,,conviction,score_2,2,1,0,1,False,0.0,0,,0.0,0.0,,False,0.0,0,,0.0,0.0,0,0.0,,0.0,0,0.0
2026-02-06,SKLZ,,breakout,WIN,1351.53,3.65,30.35,6.1,,,9871936,True,False,31,3.1,3.45,3.34,3.76,3.82,3582,False,0,10:01 ET,STANDARD,2.0,0,False,0,False,True,False,TRAIL,1351.53,,conviction,score_1,1,0,0,1,False,0.0,0,,0.0,0.0,,False,0.0,0,,0.0,0.0,0,0.0,,0.0,0,0.0
2026-02-06,LIMN,,breakout,LOSS,-393.68,-1.06,28.29,5.33,,,29071731,True,False,1,2.9,2.22,2.16,2.42,2.15,5551,False,0,09:31 ET,STANDARD,2.0,0,False,0,False,True,False,STOP,-393.68,,conviction,score_1,1,0,0,1,False,0.0,0,,0.0,0.0,,False,0.0,0,,0.0,0.0,0,0.0,,0.0,0,0.0
2026-02-06,KEEX,,breakout,WIN,995.13,2.69,55.77,11.95,,,0,False,False,42,3.03,11.3,10.96,12.32,12.21,1092,False,0,10:12 ET,STANDARD,2.0,0,False,0,False,True,False,TRAIL,995.13,,conviction,score_1,1,0,0,1,False,0.0,0,,0.0,0.0,,False,0.0,0,,0.0,0.0,0,0.0,,0.0,0,0.0
2026-02-06,XRPT,,breakout,WIN,305.47,0.83,58.74,5.49,,,0,False,False,1,3.05,2.45,2.38,2.68,2.52,5030,False,0,09:31 ET,STANDARD,2.0,0,False,0,False,True,False,TRAIL,305.47,bearish_engulfing,conviction,score_2,2,1,0,1,False,0.0,0,,0.0,0.0,,False,0.0,0,,0.0,0.0,0,0.0,,0.0,0,0.0
2026-02-06,RBLU,,breakout,LOSS,-409.46,-1.11,28.8,5.3,,,0,False,False,1,3.03,18.05,17.5,19.67,17.45,684,False,0,09:31 ET,STANDARD,2.0,0,False,0,False,True,False,STOP,-409.46,,conviction,score_2,2,1,0,1,False,0.0,0,,0.0,0.0,,False,0.0,0,,0.0,0.0,0,0.0,,0.0,0,0.0
2026-02-09,UUU,,breakout,WIN,158.59,0.43,38.64,7.09,,,1155455,True,False,16,2.32,4.72,4.61,5.05,4.77,3386,False,0,09:46 ET,STANDARD,2.0,0,False,0,False,True,False,TRAIL,158.59,,conviction,score_1,1,0,0,1,False,0.0,0,,0.0,0.0,,False,0.0,0,,0.0,0.0,0,0.0,,0.0,0,0.0
2026-02-09,LIMN,,breakout,WIN,44.93,0.12,53.8,7.03,,,29071731,True,False,16,2.99,2.1,2.04,2.29,2.11,5872,False,0,09:46 ET,STANDARD,2.0,0,False,0,False,True,False,TRAIL,44.93,,conviction,score_2,2,1,0,1,False,0.0,0,,0.0,0.0,,False,0.0,0,,0.0,0.0,0,0.0,,0.0,0,0.0
2026-02-10,ESOA,,breakout,LOSS,-403.07,-1.09,38.95,10.56,,,14470634,True,False,1,2.97,12.15,11.79,13.24,11.75,1016,False,0,09:31 ET,STANDARD,2.0,0,False,0,False,True,False,STOP,-403.07,,conviction,score_2,2,1,0,1,False,0.0,0,,0.0,0.0,,False,0.0,0,,0.0,0.0,0,0.0,,0.0,0,0.0
2026-02-10,RLGT,,breakout,LOSS,-237.28,-0.64,16.9,5.08,,,33919619,True,False,6,2.81,7.67,7.45,8.31,7.73,1720,False,0,09:36 ET,STANDARD,2.0,0,False,0,False,True,False,TRAIL,105.18,,conviction,score_1,1,0,0,1,True,7.7605,1591,TRAIL,7.7029,-91.67,,True,7.9659,775,STOP,7.6423,-250.79,0,0.0,,0.0,0,0.0
2026-02-11,RBKB,,breakout,LOSS,-201.58,-1.09,32.08,22.32,,,2791231,True,False,1,2.98,14.58,14.15,15.9,14.11,423,False,0,09:31 ET,STANDARD → ROSS-HALF (0/3 gates),1.0,0,False,0,False,True,False,STOP,-201.58,,conviction,score_0,0,0,0,0,False,0.0,0,,0.0,0.0,,False,0.0,0,,0.0,0.0,0,0.0,,0.0,0,0.0
2026-02-11,ELAB,,breakout,LOSS,-420.58,-1.13,33.33,28.57,,,4543706,True,False,4,3.12,2.23,2.16,2.43,2.15,5539,False,0,09:34 ET,STANDARD,2.0,0,False,0,False,True,False,STOP,-420.58,,conviction,score_1,1,1,0,0,False,0.0,0,,0.0,0.0,,False,0.0,0,,0.0,0.0,0,0.0,,0.0,0,0.0
2026-02-11,MB,,breakout,LOSS,-208.06,-1.12,105.91,29.28,,,4690005,True,False,9,3.08,4.86,4.71,5.3,4.7,1270,False,0,09:39 ET,STANDARD → ROSS-HALF (0/3 gates),1.0,0,False,0,False,True,False,STOP,-208.06,,conviction,score_0,0,0,0,0,False,0.0,0,,0.0,0.0,,False,0.0,0,,0.0,0.0,0,0.0,,0.0,0,0.0
2026-02-11,SIF,,breakout,WIN,613.74,1.66,45.7,31.79,,,4832377,True,False,4,2.93,7.13,6.92,7.77,7.48,1732,False,0,09:34 ET,STANDARD,2.0,0,False,0,False,True,False,TRAIL,613.74,,conviction,score_1,1,0,0,1,False,0.0,0,,0.0,0.0,,False,0.0,0,,0.0,0.0,0,0.0,,0.0,0,0.0
2026-02-13,NCI,,breakout,LOSS,-406.11,-1.1,68.8,7.67,,,360976,True,False,1,3.0,2.68,2.6,2.92,2.59,4607,False,0,09:31 ET,STANDARD,2.0,0,False,0,False,True,False,STOP,-406.11,,conviction,score_2,2,1,0,1,False,0.0,0,,0.0,0.0,,False,0.0,0,,0.0,0.0,0,0.0,,0.0,0,0.0
2026-02-13,MLEC,,breakout,LOSS,-407.76,-1.1,139.8,68.26,,,726118,True,False,1,3.01,11.02,10.69,12.01,10.66,1120,False,0,09:31 ET,STANDARD,2.0,1,False,0,False,True,False,STOP,-407.76,,conviction,score_1,1,0,0,1,False,0.0,0,,0.0,0.0,,False,0.0,0,,0.0,0.0,0,0.0,,0.0,0,0.0
2026-02-13,RAIN,,breakout,WIN,136.03,0.37,35.71,14.67,,,2007165,True,False,35,3.09,2.77,2.68,3.01,2.8,4465,False,0,10:05 ET,STANDARD,2.0,0,False,0,False,True,False,TRAIL,136.03,,conviction,score_1,1,0,0,1,False,0.0,0,,0.0,0.0,,False,0.0,0,,0.0,0.0,0,0.0,,0.0,0,0.0
2026-02-13,SIF,,breakout,WIN,152.95,0.41,20.22,8.98,,,4832377,True,False,11,2.97,10.12,9.82,11.03,10.25,1220,False,0,09:41 ET,STANDARD,2.0,0,False,0,False,True,False,TRAIL,152.95,,conviction,score_1,1,0,0,1,False,0.0,0,,0.0,0.0,,False,0.0,0,,0.0,0.0,0,0.0,,0.0,0,0.0
2026-02-13,ATOM,,breakout,WIN,7.71,0.02,68.2,49.65,,,37426853,True,False,1,3.05,2.81,2.72,3.06,2.81,4401,False,0,09:31 ET,STANDARD,2.0,0,False,0,False,True,False,TRAIL,7.71,,conviction,score_1,1,0,0,1,False,0.0,0,,0.0,0.0,,False,0.0,0,,0.0,0.0,0,0.0,,0.0,0,0.0
2026-02-13,CONX,,breakout,LOSS,-463.12,-2.51,36.28,9.66,,,0,False,False,1,0.2,6.98,6.97,7.03,6.95,13289,False,0,09:31 ET,STANDARD → ROSS-HALF (0/3 gates),1.0,0,False,0,False,True,False,STOP,-463.12,,conviction,score_0,0,0,0,0,False,0.0,0,,0.0,0.0,,False,0.0,0,,0.0,0.0,0,0.0,,0.0,0,0.0
2026-02-13,COIA,,breakout,WIN,114.03,0.62,37.72,5.27,,,0,False,False,1,1.77,4.47,4.39,4.71,4.52,2347,False,0,09:31 ET,STANDARD → ROSS-HALF (0/3 gates),1.0,0,False,0,False,True,False,TRAIL,114.03,,conviction,score_0,0,0,0,0,False,0.0,0,,0.0,0.0,,False,0.0,0,,0.0,0.0,0,0.0,,0.0,0,0.0
2026-02-17,PLYX,,breakout,LOSS,-620.35,-1.12,109.54,322.86,,,4275100,True,False,80,3.06,4.83,4.68,5.26,4.67,3837,False,0,10:50 ET,STRONG,3.0,2,False,0,False,True,False,STOP,-620.35,,conviction,score_2,2,1,0,1,False,0.0,0,,0.0,0.0,,False,0.0,0,,0.0,0.0,0,0.0,,0.0,0,0.0
2026-02-17,VHUB,,breakout,LOSS,-33.38,-0.09,47.13,5.22,,,17380722,True,False,264,3.11,3.1,3.0,3.37,3.09,3988,False,0,13:54 ET,STANDARD,2.0,0,False,0,False,True,False,TRAIL,-33.38,,conviction,score_2,2,1,0,1,False,0.0,0,,0.0,0.0,,False,0.0,0,,0.0,0.0,0,0.0,,0.0,0,0.0
2026-02-18,JFB,,breakout,WIN,158.76,0.43,42.23,10.74,,,5080408,True,False,1,3.02,18.79,18.22,20.48,19.03,657,False,0,09:31 ET,STANDARD,2.0,0,False,0,False,True,False,TRAIL,158.76,,conviction,score_2,2,1,0,1,False,0.0,0,,0.0,0.0,,False,0.0,0,,0.0,0.0,0,0.0,,0.0,0,0.0
2026-02-19,RUBI,,breakout,LOSS,-590.55,-1.06,95.09,388.41,,,756645,True,False,1,2.9,4.08,3.96,4.45,3.95,4542,False,0,09:31 ET,STRONG,3.0,2,False,0,False,True,False,STOP,-590.55,,conviction,score_2,2,1,0,1,False,0.0,0,,0.0,0.0,,False,0.0,0,,0.0,0.0,0,0.0,,0.0,0,0.0
2026-02-19,KNRX,,breakout,LOSS,-645.42,-1.16,282.95,1597.79,,,13695377,True,False,16,3.19,2.0,1.94,2.18,1.93,9244,False,0,09:46 ET,STRONG,3.0,2,False,0,False,True,False,STOP,-645.42,,conviction,score_2,2,1,0,1,False,0.0,0,,0.0,0.0,,False,0.0,0,,0.0,0.0,0,0.0,,0.0,0,0.0
2026-02-19,BAND,,breakout,WIN,1.85,0.0,27.64,5.61,,,28906505,True,False,1,3.0,15.87,15.39,17.29,15.87,778,False,0,09:31 ET,STANDARD,2.0,0,False,0,False,True,False,TRAIL,1.85,,conviction,score_1,1,0,0,1,False,0.0,0,,0.0,0.0,,False,0.0,0,,0.0,0.0,0,0.0,,0.0,0,0.0
2026-02-20,ABTS,,breakout,LOSS,-588.64,-1.06,174.99,5688.08,,,2080861,True,False,16,2.89,2.61,2.53,2.84,2.52,7110,False,0,09:46 ET,STRONG,3.0,2,True,3,False,True,False,STOP,-588.64,,conviction,score_1,1,0,0,1,False,0.0,0,,0.0,0.0,,False,0.0,0,,0.0,0.0,0,0.0,,0.0,0,0.0
2026-02-20,CDIO,,breakout,LOSS,-402.96,-1.09,55.36,22.05,,,2833899,True,False,1,2.97,3.25,3.15,3.54,3.14,3804,False,0,09:31 ET,STANDARD,2.0,0,False,0,False,True,False,STOP,-402.96,,conviction,score_1,1,0,0,1,False,0.0,0,,0.0,0.0,,False,0.0,0,,0.0,0.0,0,0.0,,0.0,0,0.0
2026-02-20,HTLM,,breakout,LOSS,-590.52,-1.06,88.52,100.59,,,4674513,True,False,16,2.9,3.34,3.24,3.64,3.23,5551,False,0,09:46 ET,STRONG,3.0,2,False,0,False,True,False,STOP,-590.52,,conviction,score_1,1,0,0,1,False,0.0,0,,0.0,0.0,,False,0.0,0,,0.0,0.0,0,0.0,,0.0,0,0.0
2026-02-20,BIYA,,breakout,LOSS,-430.46,-1.16,82.18,9.75,,,4681163,True,False,45,3.2,2.41,2.33,2.62,2.32,5131,False,0,10:15 ET,STANDARD,2.0,0,False,0,False,True,False,STOP,-430.46,,conviction,score_1,1,0,0,1,False,0.0,0,,0.0,0.0,,False,0.0,0,,0.0,0.0,0,0.0,,0.0,0,0.0
2026-02-20,FNKO,,breakout,WIN,41.61,0.11,36.65,6.32,,,37196422,True,False,3,3.03,4.95,4.8,5.4,4.97,2495,False,0,09:33 ET,STANDARD,2.0,0,False,0,False,True,False,TRAIL,41.61,,conviction,score_1,1,0,0,1,False,0.0,0,,0.0,0.0,,False,0.0,0,,0.0,0.0,0,0.0,,0.0,0,0.0
2026-02-20,OPEG,,breakout,LOSS,-409.39,-1.11,39.09,13.3,,,0,False,False,1,3.02,7.43,7.21,8.1,7.19,1661,False,0,09:31 ET,STANDARD,2.0,0,False,0,False,True,False,STOP,-409.39,,conviction,score_1,1,1,0,0,False,0.0,0,,0.0,0.0,,False,0.0,0,,0.0,0.0,0,0.0,,0.0,0,0.0
2026-02-23,ASPS,,breakout,LOSS,-16.66,-0.04,32.08,5.24,,,8587905,True,False,129,3.06,5.94,5.76,6.48,5.93,2078,False,0,11:39 ET,STANDARD,2.0,0,False,0,False,True,False,TRAIL,-16.66,,conviction,score_1,1,0,0,1,False,0.0,0,,0.0,0.0,,False,0.0,0,,0.0,0.0,0,0.0,,0.0,0,0.0
2026-02-23,GNPX,,breakout,LOSS,-385.42,-1.04,35.96,8.58,,,10564700,True,False,34,2.83,2.07,2.01,2.25,2.0,5970,False,0,10:04 ET,STANDARD,2.0,0,False,0,False,True,False,STOP,-385.42,,conviction,score_2,2,1,0,1,False,0.0,0,,0.0,0.0,,False,0.0,0,,0.0,0.0,0,0.0,,0.0,0,0.0
2026-02-24,GRAN,,breakout,WIN,4477.12,8.05,105.24,445.13,,,4712263,True,False,22,2.9,2.6,2.52,2.83,3.22,7138,False,0,09:52 ET,STRONG,3.0,2,False,0,False,True,False,TRAIL,4477.12,,conviction,score_1,1,0,0,1,False,0.0,0,,0.0,0.0,,False,0.0,0,,0.0,0.0,0,0.0,,0.0,0,0.0
2026-02-24,ANPA,,breakout,WIN,958.72,2.59,99.76,10.64,,,15101755,True,False,1,2.96,9.18,8.91,10.01,9.89,1345,False,0,09:31 ET,STANDARD,2.0,0,False,0,False,True,False,TRAIL,958.72,,conviction,score_1,1,0,0,1,False,0.0,0,,0.0,0.0,,False,0.0,0,,0.0,0.0,0,0.0,,0.0,0,0.0
2026-02-24,ZETX,,breakout,WIN,1651.36,4.46,27.87,5.27,,,0,False,False,12,2.98,14.79,14.35,16.12,16.77,835,False,0,09:42 ET,STANDARD,2.0,0,False,0,False,True,False,TRAIL,1651.36,shooting_star,conviction,score_1,1,0,0,1,False,0.0,0,,0.0,0.0,,False,0.0,0,,0.0,0.0,0,0.0,,0.0,0,0.0
2026-02-25,BRAI,,breakout,WIN,970.88,2.62,134.2,20.74,,,30615796,True,False,19,3.02,17.74,17.2,19.33,19.13,696,False,0,09:49 ET,STANDARD,2.0,0,False,0,False,True,False,TRAIL,970.88,,conviction,score_1,1,0,0,1,False,0.0,0,,0.0,0.0,,False,0.0,0,,0.0,0.0,0,0.0,,0.0,0,0.0
2026-02-26,SMJF,,breakout,WIN,216.58,1.17,50.91,11.86,,,2436500,True,False,1,2.81,2.28,2.22,2.49,2.36,2703,False,0,09:31 ET,STANDARD → ROSS-HALF (0/3 gates),1.0,0,False,0,False,True,False,TRAIL,216.58,,conviction,score_0,0,0,0,0,False,0.0,0,,0.0,0.0,,False,0.0,0,,0.0,0.0,0,0.0,,0.0,0,0.0
2026-02-27,KORE,,breakout,LOSS,-104.05,-0.28,79.24,76.11,,,7616243,True,False,1,2.98,9.0,8.73,9.81,8.92,1372,False,0,09:31 ET,STANDARD,2.0,1,False,0,False,True,False,EOD,-104.05,,conviction,score_1,1,0,0,1,False,0.0,0,,0.0,0.0,,False,0.0,0,,0.0,0.0,0,0.0,,0.0,0,0.0
2026-02-27,ALOY,,breakout,WIN,232.28,0.63,41.37,5.84,,,22868453,True,False,87,2.99,15.43,14.97,16.82,15.72,800,False,0,10:57 ET,STANDARD,2.0,0,False,0,False,True,False,TRAIL,232.28,shooting_star,conviction,score_1,1,0,0,1,False,0.0,0,,0.0,0.0,,False,0.0,0,,0.0,0.0,0,0.0,,0.0,0,0.0
2026-03-02,TMDE,,breakout,LOSS,-606.16,-1.09,237.24,212.72,,,4155452,True,False,341,2.98,2.88,2.79,3.13,2.78,6441,False,0,15:11 ET,STRONG,3.0,2,True,3,False,True,False,STOP,-606.16,,conviction,score_2,2,1,0,1,False,0.0,0,,0.0,0.0,,False,0.0,0,,0.0,0.0,0,0.0,,0.0,0,0.0
2026-03-02,BATL,,breakout,LOSS,-410.6,-1.11,146.56,6.08,,,13311408,True,False,16,3.03,10.23,9.92,11.15,9.89,1207,False,0,09:46 ET,STANDARD,2.0,0,True,3,False,True,False,STOP,-410.6,,conviction,score_1,1,1,0,0,False,0.0,0,,0.0,0.0,,False,0.0,0,,0.0,0.0,0,0.0,,0.0,0,0.0
2026-03-03,MARPS,,breakout,WIN,92.08,0.25,23.51,8.52,,,1299020,True,False,2,3.06,5.77,5.59,6.29,5.81,2141,False,0,09:32 ET,STANDARD,2.0,0,False,0,False,True,False,TRAIL,92.08,,conviction,score_2,2,1,0,1,False,0.0,0,,0.0,0.0,,False,0.0,0,,0.0,0.0,0,0.0,,0.0,0,0.0
2026-03-03,NPT,,breakout,LOSS,-400.42,-1.08,85.51,11.66,,,2689266,True,False,152,2.95,8.72,8.46,9.5,8.43,1416,False,0,12:02 ET,STANDARD,2.0,0,False,0,False,True,False,STOP,-400.42,,conviction,score_2,2,1,0,1,False,0.0,0,,0.0,0.0,,False,0.0,0,,0.0,0.0,0,0.0,,0.0,0,0.0
2026-03-03,EDSA,,breakout,WIN,987.03,2.66,90.79,5.37,,,3854429,True,False,1,2.88,2.61,2.53,2.84,2.81,4740,False,0,09:31 ET,STANDARD,2.0,0,True,3,False,True,False,TRAIL,987.03,,conviction,score_2,2,1,0,1,False,0.0,0,,0.0,0.0,,False,0.0,0,,0.0,0.0,0,0.0,,0.0,0,0.0
2026-03-03,AVXX,,breakout,LOSS,-413.95,-1.12,27.43,7.1,,,0,False,False,1,3.06,5.24,5.08,5.71,5.06,2356,False,0,09:31 ET,STANDARD,2.0,0,False,0,False,True,False,STOP,-413.95,,conviction,score_2,2,1,0,1,False,0.0,0,,0.0,0.0,,False,0.0,0,,0.0,0.0,0,0.0,,0.0,0,0.0
2026-03-04,DFSC,,breakout,WIN,274.4,0.74,20.1,85.39,,,1618864,True,False,382,3.03,2.47,2.4,2.7,2.53,4990,False,0,15:52 ET,STANDARD,2.0,1,False,0,False,True,False,EOD,274.4,,conviction,score_2,2,1,0,1,False,0.0,0,,0.0,0.0,,False,0.0,0,,0.0,0.0,0,0.0,,0.0,0,0.0
2026-03-04,CANF,,breakout,LOSS,-600.11,-1.08,108.0,708.71,,,4285007,True,False,6,2.95,9.82,9.53,10.7,9.5,1886,False,0,09:36 ET,STRONG,3.0,2,False,0,False,True,False,STOP,-600.11,,conviction,score_1,1,1,0,0,False,0.0,0,,0.0,0.0,,False,0.0,0,,0.0,0.0,0,0.0,,0.0,0,0.0
2026-03-04,CVU,,breakout,WIN,240.99,0.65,19.47,11.78,,,10792696,True,False,1,2.93,5.13,4.98,5.59,5.23,2407,False,0,09:31 ET,STANDARD,2.0,0,False,0,False,True,False,TRAIL,240.99,,conviction,score_1,1,0,0,1,False,0.0,0,,0.0,0.0,,False,0.0,0,,0.0,0.0,0,0.0,,0.0,0,0.0
2026-03-05,MTEK,,breakout,LOSS,-622.84,-1.12,54.1,369.23,,,4534613,True,False,1,3.07,2.79,2.7,3.04,2.69,6650,False,0,09:31 ET,STRONG,3.0,2,False,0,False,True,False,STOP,-622.84,,conviction,score_1,1,0,0,1,False,0.0,0,,0.0,0.0,,False,0.0,0,,0.0,0.0,0,0.0,,0.0,0,0.0
2026-03-05,TURB,,bull_flag,WIN,30.33,0.08,124.4,9.49,,,16963641,True,False,3,2.87,2.18,2.12,2.38,2.19,5658,False,0,09:33 ET,STANDARD,2.0,0,True,3,False,True,False,TRAIL,30.33,,conviction,score_2,2,1,0,1,False,0.0,0,,0.0,0.0,,False,0.0,0,,0.0,0.0,0,0.0,,0.0,0,0.0
2026-03-05,PDYN,,bull_flag,WIN,258.3,0.7,34.59,8.76,,,34787340,True,False,18,3.02,9.26,8.98,10.09,9.45,1333,False,0,09:48 ET,STANDARD,2.0,0,True,3,False,True,False,TRAIL,258.3,,conviction,score_2,2,1,0,1,False,0.0,0,,0.0,0.0,,False,0.0,0,,0.0,0.0,0,0.0,,0.0,0,0.0
2026-03-05,TTDU,,bull_flag,LOSS,-412.34,-1.11,61.21,7.58,,,0,False,False,1,3.05,10.18,9.87,11.1,9.84,1213,False,0,09:31 ET,STANDARD,2.0,0,False,0,False,True,False,STOP,-412.34,,conviction,score_2,2,1,0,1,False,0.0,0,,0.0,0.0,,False,0.0,0,,0.0,0.0,0,0.0,,0.0,0,0.0
2026-03-06,MXC,,bull_flag,LOSS,-204.09,-1.1,21.95,7.46,,,844139,True,False,1,3.01,15.63,15.16,17.04,15.11,395,False,0,09:31 ET,STANDARD → ROSS-HALF (0/3 gates),1.0,0,False,0,False,True,False,STOP,-204.09,,conviction,score_0,0,0,0,0,False,0.0,0,,0.0,0.0,,False,0.0,0,,0.0,0.0,0,0.0,,0.0,0,0.0
2026-03-06,QCLS,,breakout,WIN,413.67,1.12,42.82,8.31,,,7778586,True,False,37,3.09,3.81,3.69,4.15,3.94,3243,False,0,10:07 ET,STANDARD,2.0,0,False,0,False,True,False,TRAIL,413.67,,conviction,score_1,1,0,0,1,False,0.0,0,,0.0,0.0,,False,0.0,0,,0.0,0.0,0,0.0,,0.0,0,0.0
2026-03-06,TPET,,breakout,WIN,518.46,1.4,50.94,6.0,,,29441890,True,False,1,2.77,2.14,2.08,2.33,2.23,5772,False,0,09:31 ET,STANDARD,2.0,0,False,0,False,True,False,TRAIL,518.46,,conviction,score_2,2,1,0,1,False,0.0,0,,0.0,0.0,,False,0.0,0,,0.0,0.0,0,0.0,,0.0,0,0.0
2026-03-06,SWBI,,breakout,WIN,572.76,1.55,18.66,7.63,,,43099311,True,False,1,2.7,12.99,12.64,14.04,13.53,1055,False,0,09:31 ET,STANDARD,2.0,0,False,0,False,True,False,TRAIL,572.76,topping_tail,conviction,score_1,1,1,0,0,False,0.0,0,,0.0,0.0,,False,0.0,0,,0.0,0.0,0,0.0,,0.0,0,0.0
2026-03-09,RLMD,,breakout,LOSS,-401.52,-1.08,66.52,71.59,,,7718550,True,False,217,2.96,6.52,6.33,7.11,6.31,1893,False,0,13:07 ET,STANDARD,2.0,1,True,3,False,True,False,STOP,-401.52,,conviction,score_2,2,1,0,1,False,0.0,0,,0.0,0.0,,False,0.0,0,,0.0,0.0,0,0.0,,0.0,0,0.0
2026-03-09,HIMZ,,breakout,LOSS,-428.16,-1.16,96.87,6.16,,,0,False,False,16,3.18,2.07,2.0,2.25,1.99,5978,False,0,09:46 ET,STANDARD,2.0,0,False,0,False,True,False,STOP,-428.16,,conviction,score_1,1,1,0,0,False,0.0,0,,0.0,0.0,,False,0.0,0,,0.0,0.0,0,0.0,,0.0,0,0.0
2026-03-10,ATPC,,breakout,LOSS,-409.28,-1.1,152.48,13.16,,,433301,True,False,1,3.02,4.25,4.12,4.63,4.11,2906,False,0,09:31 ET,STANDARD,2.0,0,False,0,False,True,False,STOP,-409.28,,conviction,score_1,1,0,0,1,False,0.0,0,,0.0,0.0,,False,0.0,0,,0.0,0.0,0,0.0,,0.0,0,0.0
2026-03-10,FCUV,,breakout,WIN,1187.74,3.21,31.26,5.71,,,1765792,True,False,346,2.99,5.02,4.87,5.47,5.5,2460,False,0,15:16 ET,STANDARD,2.0,0,False,0,False,True,False,TRAIL,1187.74,,conviction,score_1,1,0,0,1,False,0.0,0,,0.0,0.0,,False,0.0,0,,0.0,0.0,0,0.0,,0.0,0,0.0
2026-03-10,TOPS,,breakout,LOSS,-418.15,-1.13,86.87,50.06,,,1790801,True,False,95,3.1,5.18,5.02,5.65,5.0,2384,False,0,11:05 ET,STANDARD,2.0,1,False,0,False,True,False,STOP,-418.15,,conviction,score_1,1,0,0,1,False,0.0,0,,0.0,0.0,,False,0.0,0,,0.0,0.0,0,0.0,,0.0,0,0.0
2026-03-10,INKT,,breakout,LOSS,-304.38,-1.1,61.98,2064.97,,,1964861,True,False,1,3.0,15.9,15.42,17.33,15.37,582,False,0,09:31 ET,STRONG → ROSS-HALF (0/3 gates),1.5,2,False,0,False,True,False,STOP,-304.38,,conviction,score_0,0,0,0,0,False,0.0,0,,0.0,0.0,,False,0.0,0,,0.0,0.0,0,0.0,,0.0,0,0.0
2026-03-10,PLYX,,breakout,LOSS,-719.67,-1.94,109.94,9.92,,,4275100,True,False,13,3.05,3.86,3.74,4.2,3.73,3201,False,0,09:43 ET,STANDARD,2.0,0,False,0,False,True,False,STOP,-412.67,,conviction,score_1,1,0,0,1,True,3.8777,3184,TRAIL,3.7813,-307.0,,False,0.0,0,,0.0,0.0,0,0.0,,0.0,0,0.0
2026-03-10,CODA,,breakout,WIN,161.67,0.44,15.59,9.65,,,5738095,True,False,346,2.99,16.46,15.97,17.94,16.68,750,False,0,15:16 ET,STANDARD,2.0,0,False,0,False,True,False,TRAIL,161.67,,conviction,score_2,2,1,0,1,False,0.0,0,,0.0,0.0,,False,0.0,0,,0.0,0.0,0,0.0,,0.0,0,0.0
2026-03-10,OCC,,breakout,LOSS,-200.73,-1.08,33.22,6.63,,,5819317,True,False,1,2.96,6.88,6.68,7.5,6.66,897,False,0,09:31 ET,STANDARD → ROSS-HALF (0/3 gates),1.0,0,False,0,False,True,False,STOP,-200.73,,conviction,score_0,0,0,0,0,False,0.0,0,,0.0,0.0,,False,0.0,0,,0.0,0.0,0,0.0,,0.0,0,0.0
2026-03-11,CVGI,,bull_flag,WIN,132.55,0.24,78.4,220.28,,,23600334,True,False,2,3.01,2.13,2.07,2.33,2.15,8679,False,0,09:32 ET,STRONG,3.0,2,False,0,False,True,False,TRAIL,132.55,,conviction,score_2,2,1,0,1,False,0.0,0,,0.0,0.0,,False,0.0,0,,0.0,0.0,0,0.0,,0.0,0,0.0
2026-03-11,SERA,,breakout,WIN,1451.41,3.92,34.43,25.76,,,27578315,True,False,163,2.98,2.1,2.04,2.29,2.35,5873,False,0,12:13 ET,STANDARD,2.0,0,False,0,False,True,False,TRAIL,1451.41,,conviction,score_1,1,0,0,1,False,0.0,0,,0.0,0.0,,False,0.0,0,,0.0,0.0,0,0.0,,0.0,0,0.0
2026-03-11,DOMO,,breakout,LOSS,-204.23,-1.1,42.47,17.17,,,33534744,True,False,1,2.82,5.87,5.7,6.36,5.68,1119,False,0,09:31 ET,STANDARD → ROSS-HALF (0/3 gates),1.0,0,False,0,False,True,False,STOP,-204.23,,conviction,score_0,0,0,0,0,False,0.0,0,,0.0,0.0,,False,0.0,0,,0.0,0.0,0,0.0,,0.0,0,0.0
2026-03-11,ACTG,,breakout,LOSS,-18.81,-0.05,22.89,11.96,,,34222495,True,False,1,2.99,4.66,4.52,5.08,4.65,2650,False,0,09:31 ET,STANDARD,2.0,0,False,0,False,True,False,TRAIL,-18.81,,conviction,score_1,1,0,0,1,False,0.0,0,,0.0,0.0,,False,0.0,0,,0.0,0.0,0,0.0,,0.0,0,0.0
2026-03-12,ATPC,,breakout,LOSS,-399.15,-1.08,51.08,7.14,,,433301,True,False,1,2.94,5.47,5.31,5.96,5.29,2257,False,0,09:31 ET,STANDARD,2.0,0,False,0,False,True,False,STOP,-399.15,,conviction,score_1,1,1,0,0,False,0.0,0,,0.0,0.0,,False,0.0,0,,0.0,0.0,0,0.0,,0.0,0,0.0
2026-03-12,QNTM,,breakout,WIN,502.44,1.36,52.38,35.81,,,5931866,True,False,9,3.15,2.37,2.3,2.59,2.47,5200,False,0,09:39 ET,STANDARD,2.0,0,True,3,False,True,False,TRAIL,502.44,,conviction,score_1,1,0,0,1,False,0.0,0,,0.0,0.0,,False,0.0,0,,0.0,0.0,0,0.0,,0.0,0,0.0
2026-03-12,SAGT,,breakout,LOSS,-207.02,-1.12,51.38,19.43,,,7102886,True,False,1,3.06,2.44,2.37,2.66,2.36,2525,False,0,09:31 ET,STANDARD → ROSS-HALF (0/3 gates),1.0,0,False,0,False,True,False,STOP,-207.02,,conviction,score_0,0,0,0,0,False,0.0,0,,0.0,0.0,,False,0.0,0,,0.0,0.0,0,0.0,,0.0,0,0.0
2026-03-12,TLYS,,breakout,WIN,27.9,0.15,67.48,94.53,,,10307448,True,False,1,3.09,2.63,2.55,2.87,2.64,2346,False,0,09:31 ET,STANDARD → ROSS-HALF (0/3 gates),1.0,1,False,0,False,True,False,TRAIL,27.9,,conviction,score_0,0,0,0,0,False,0.0,0,,0.0,0.0,,False,0.0,0,,0.0,0.0,0,0.0,,0.0,0,0.0
2026-03-12,VRA,,breakout,WIN,323.12,0.87,44.58,23.4,,,18259967,True,False,1,3.01,3.02,2.93,3.29,3.1,4088,False,0,09:31 ET,STANDARD,2.0,0,False,0,False,True,False,TRAIL,323.12,,conviction,score_1,1,0,0,1,False,0.0,0,,0.0,0.0,,False,0.0,0,,0.0,0.0,0,0.0,,0.0,0,0.0
2026-03-12,ROMA,,breakout,WIN,122.76,0.33,77.43,16.33,,,40413370,True,False,1,3.03,6.0,5.82,6.54,6.06,2057,False,0,09:31 ET,STANDARD,2.0,0,False,0,False,True,False,TRAIL,122.76,,conviction,score_2,2,1,0,1,False,0.0,0,,0.0,0.0,,False,0.0,0,,0.0,0.0,0,0.0,,0.0,0,0.0
2026-03-13,LUD,,breakout,WIN,456.83,1.23,27.97,22.87,,,2689900,True,False,124,2.99,4.3,4.17,4.69,4.46,2873,False,0,11:34 ET,STANDARD,2.0,0,False,0,False,True,False,TRAIL,456.83,,conviction,score_1,1,0,0,1,False,0.0,0,,0.0,0.0,,False,0.0,0,,0.0,0.0,0,0.0,,0.0,0,0.0
2026-03-13,SHIM,,breakout,WIN,172.62,0.47,33.73,5.33,,,8726466,True,False,15,3.07,3.34,3.24,3.64,3.39,3694,False,0,09:45 ET,STANDARD,2.0,0,False,0,False,True,False,TRAIL,172.62,,conviction,score_1,1,0,0,1,False,0.0,0,,0.0,0.0,,False,0.0,0,,0.0,0.0,0,0.0,,0.0,0,0.0
2026-03-13,SVCO,,breakout,WIN,302.45,1.09,61.52,105.02,,,12986544,True,False,1,3.0,4.28,4.15,4.66,4.42,2164,False,0,09:31 ET,STRONG → ROSS-HALF (0/3 gates),1.5,2,False,0,False,True,False,TRAIL,302.45,,conviction,score_0,0,0,0,0,False,0.0,0,,0.0,0.0,,False,0.0,0,,0.0,0.0,0,0.0,,0.0,0,0.0
2026-03-13,INVE,,breakout,LOSS,-419.76,-1.13,19.03,12.15,,,19391369,True,False,1,3.11,3.84,3.72,4.18,3.71,3216,False,0,09:31 ET,STANDARD,2.0,0,False,0,False,True,False,STOP,-419.76,,conviction,score_2,2,1,0,1,False,0.0,0,,0.0,0.0,,False,0.0,0,,0.0,0.0,0,0.0,,0.0,0,0.0
2026-03-13,LOCO,,breakout,LOSS,-405.77,-1.1,20.13,10.88,,,25079024,True,False,1,3.0,12.87,12.48,14.02,12.44,959,False,0,09:31 ET,STANDARD,2.0,0,True,3,False,True,False,STOP,-405.77,,conviction,score_1,1,0,0,1,False,0.0,0,,0.0,0.0,,False,0.0,0,,0.0,0.0,0,0.0,,0.0,0,0.0
2026-03-13,EQ,,breakout,WIN,51.72,0.28,27.05,10.79,,,31498206,True,False,2,2.8,2.3,2.24,2.51,2.32,2679,False,0,09:32 ET,STANDARD → ROSS-HALF (0/3 gates),1.0,0,False,0,False,True,False,TRAIL,51.72,,conviction,score_0,0,0,0,0,False,0.0,0,,0.0,0.0,,False,0.0,0,,0.0,0.0,0,0.0,,0.0,0,0.0
2026-03-16,KVHI,,breakout,WIN,324.7,0.88,16.26,5.03,,,12667104,True,False,349,3.03,7.78,7.54,8.48,7.98,1588,False,0,15:19 ET,STANDARD,2.0,0,False,0,False,True,False,TRAIL,324.7,,conviction,score_2,2,1,0,1,False,0.0,0,,0.0,0.0,,False,0.0,0,,0.0,0.0,0,0.0,,0.0,0,0.0
2026-03-16,CING,,breakout,LOSS,-403.51,-1.09,25.43,5.5,,,12939475,True,False,16,2.98,10.06,9.76,10.96,9.73,1227,False,0,09:46 ET,STANDARD,2.0,0,False,0,False,True,False,STOP,-403.51,,conviction,score_2,2,1,0,1,False,0.0,0,,0.0,0.0,,False,0.0,0,,0.0,0.0,0,0.0,,0.0,0,0.0
2026-03-16,AIRS,,breakout,LOSS,-206.27,-1.11,76.22,98.08,,,14955684,True,False,16,3.05,2.81,2.72,3.06,2.71,2200,False,0,09:46 ET,STANDARD → ROSS-HALF (0/3 gates),1.0,1,True,3,False,True,False,STOP,-206.27,,conviction,score_0,0,0,0,0,False,0.0,0,,0.0,0.0,,False,0.0,0,,0.0,0.0,0,0.0,,0.0,0,0.0
2026-03-17,BIAF,,breakout,WIN,469.58,1.27,61.78,13.54,,,4421124,True,False,1,3.21,2.32,2.25,2.53,2.41,5312,False,0,09:31 ET,STANDARD,2.0,0,True,3,False,True,False,TRAIL,469.58,,conviction,score_1,1,0,0,1,False,0.0,0,,0.0,0.0,,False,0.0,0,,0.0,0.0,0,0.0,,0.0,0,0.0
2026-03-17,JVA,,breakout,WIN,95.82,0.52,35.02,47.09,,,4570818,True,False,1,3.13,3.76,3.64,4.1,3.82,1643,False,0,09:31 ET,STANDARD → ROSS-HALF (0/3 gates),1.0,0,False,0,False,True,False,TRAIL,95.82,,conviction,score_0,0,0,0,0,False,0.0,0,,0.0,0.0,,False,0.0,0,,0.0,0.0,0,0.0,,0.0,0,0.0
2026-03-17,LNZA,,breakout,WIN,396.84,1.07,56.94,16.9,,,5207421,True,False,42,3.0,15.02,14.57,16.37,15.5,822,False,0,10:12 ET,STANDARD,2.0,0,False,0,False,True,False,TRAIL,396.84,,conviction,score_1,1,0,0,1,False,0.0,0,,0.0,0.0,,False,0.0,0,,0.0,0.0,0,0.0,,0.0,0,0.0
2026-03-17,MRLN,,breakout,WIN,567.04,1.53,27.86,7.3,,,28637721,True,False,365,3.05,8.76,8.49,9.55,9.16,1410,False,0,15:35 ET,STANDARD,2.0,0,False,0,False,True,False,TRAIL,567.04,,conviction,score_2,2,1,0,1,False,0.0,0,,0.0,0.0,,False,0.0,0,,0.0,0.0,0,0.0,,0.0,0,0.0
2026-03-17,AGRO,,breakout,WIN,78.38,0.21,17.89,5.34,,,29352359,True,False,21,2.99,12.18,11.82,13.28,12.42,1013,False,0,09:51 ET,STANDARD,2.0,0,False,0,False,True,False,TRAIL,238.52,bearish_engulfing,conviction,score_2,2,1,0,1,True,12.3346,1001,TRAIL,12.1746,-160.14,topping_tail,False,0.0,0,,0.0,0.0,0,0.0,,0.0,0,0.0
2026-03-17,NBIZ,,breakout,WIN,194.43,0.53,25.0,5.68,,,0,False,False,1,3.0,8.94,8.67,9.74,9.08,1381,False,0,09:31 ET,STANDARD,2.0,0,False,0,False,True,False,TRAIL,194.43,bearish_engulfing,conviction,score_2,2,1,0,1,False,0.0,0,,0.0,0.0,,False,0.0,0,,0.0,0.0,0,0.0,,0.0,0,0.0
2026-03-19,SLNG,,breakout,WIN,158.77,0.43,25.38,11.49,,,3305678,True,False,75,3.02,3.55,3.44,3.87,3.59,3481,False,0,10:45 ET,STANDARD,2.0,0,False,0,False,True,False,TRAIL,158.77,,conviction,score_1,1,0,0,1,False,0.0,0,,0.0,0.0,,False,0.0,0,,0.0,0.0,0,0.0,,0.0,0,0.0
2026-03-19,SUNE,,breakout,LOSS,-26.43,-0.07,57.22,9.01,,,3444814,True,False,1,3.01,2.13,2.07,2.33,2.13,5786,False,0,09:31 ET,STANDARD,2.0,0,False,0,False,True,False,TRAIL,-26.43,,conviction,score_2,2,1,0,1,False,0.0,0,,0.0,0.0,,False,0.0,0,,0.0,0.0,0,0.0,,0.0,0,0.0
2026-03-19,LNZA,,bull_flag,WIN,642.51,1.74,91.19,39.69,,,5207421,True,False,44,3.01,19.34,18.76,21.08,20.35,638,False,0,10:14 ET,STANDARD,2.0,0,False,0,False,True,False,TRAIL,642.51,,conviction,score_1,1,0,0,1,False,0.0,0,,0.0,0.0,,False,0.0,0,,0.0,0.0,0,0.0,,0.0,0,0.0
2026-03-19,DLTH,,breakout,WIN,894.98,1.61,49.31,384.17,,,9959882,True,False,1,2.86,2.64,2.56,2.87,2.76,7029,False,0,09:31 ET,STRONG,3.0,2,False,0,False,True,False,TRAIL,894.98,,conviction,score_2,2,1,0,1,False,0.0,0,,0.0,0.0,,False,0.0,0,,0.0,0.0,0,0.0,,0.0,0,0.0
2026-03-19,MSLE,,breakout,LOSS,-411.1,-1.11,16.25,5.34,,,17662349,True,False,212,3.04,7.96,7.72,8.68,7.7,1551,False,0,13:02 ET,STANDARD,2.0,0,False,0,False,True,False,STOP,-411.1,,conviction,score_1,1,0,0,1,False,0.0,0,,0.0,0.0,,False,0.0,0,,0.0,0.0,0,0.0,,0.0,0,0.0
2026-03-20,ARTL,,breakout,LOSS,-205.57,-1.11,36.87,5.86,,,2124128,True,False,1,3.04,8.43,8.17,9.18,8.15,732,False,0,09:31 ET,STANDARD → ROSS-HALF (0/3 gates),1.0,0,True,3,False,True,False,STOP,-205.57,,conviction,score_0,0,0,0,0,False,0.0,0,,0.0,0.0,,False,0.0,0,,0.0,0.0,0,0.0,,0.0,0,0.0
2026-03-20,SLNG,,breakout,WIN,200.33,0.54,25.99,11.8,,,3305678,True,False,5,2.88,4.1,3.98,4.47,4.16,3013,False,0,09:35 ET,STANDARD,2.0,0,False,0,False,True,False,TRAIL,200.33,,conviction,score_1,1,0,0,1,False,0.0,0,,0.0,0.0,,False,0.0,0,,0.0,0.0,0,0.0,,0.0,0,0.0
2026-03-20,CODX,,breakout,LOSS,-624.55,-1.12,49.06,324.4,,,3499254,True,False,1,3.08,3.82,3.7,4.16,3.69,4852,False,0,09:31 ET,STRONG,3.0,2,True,3,False,True,False,STOP,-624.55,,conviction,score_2,2,1,0,1,False,0.0,0,,0.0,0.0,,False,0.0,0,,0.0,0.0,0,0.0,,0.0,0,0.0
2026-03-20,AIRG,,breakout,WIN,217.7,1.18,23.56,7.46,,,10318465,True,False,1,2.67,4.45,4.33,4.8,4.59,1566,False,0,09:31 ET,STANDARD → ROSS-HALF (0/3 gates),1.0,0,False,0,False,True,False,TRAIL,217.7,,conviction,score_0,0,0,0,0,False,0.0,0,,0.0,0.0,,False,0.0,0,,0.0,0.0,0,0.0,,0.0,0,0.0
2026-03-20,IDN,,breakout,LOSS,-416.38,-1.12,29.96,15.34,,,17719818,True,False,1,3.08,5.55,5.38,6.05,5.36,2224,False,0,09:31 ET,STANDARD,2.0,0,False,0,False,True,False,STOP,-416.38,,conviction,score_1,1,1,0,0,False,0.0,0,,0.0,0.0,,False,0.0,0,,0.0,0.0,0,0.0,,0.0,0,0.0
2026-03-23,UGRO,,breakout,WIN,670.51,1.21,231.65,765.16,,,1186728,True,False,16,2.95,4.05,3.93,4.41,4.2,4574,False,0,09:46 ET,STRONG,3.0,2,False,0,False,True,False,TRAIL,670.51,,conviction,score_2,2,1,0,1,False,0.0,0,,0.0,0.0,,False,0.0,0,,0.0,0.0,0,0.0,,0.0,0,0.0
2026-03-23,PTLE,,breakout,WIN,514.49,2.78,191.55,12.43,,,1191310,True,False,17,3.04,5.03,4.88,5.49,5.45,1226,False,0,09:47 ET,STANDARD → ROSS-HALF (0/3 gates),1.0,0,False,0,False,True,False,TRAIL,514.49,,conviction,score_0,0,0,0,0,False,0.0,0,,0.0,0.0,,False,0.0,0,,0.0,0.0,0,0.0,,0.0,0,0.0
2026-03-23,QNTM,,breakout,WIN,305.05,0.82,49.55,7.12,,,5931866,True,False,188,2.99,2.5,2.43,2.73,2.57,4930,False,0,12:38 ET,STANDARD,2.0,0,False,0,False,True,False,TRAIL,305.05,,conviction,score_2,2,1,0,1,False,0.0,0,,0.0,0.0,,False,0.0,0,,0.0,0.0,0,0.0,,0.0,0,0.0
2026-03-23,FUFU,,breakout,LOSS,-420.68,-1.14,31.41,12.33,,,18693040,True,False,16,3.12,2.02,1.96,2.21,1.95,6104,False,0,09:46 ET,STANDARD,2.0,0,False,0,False,True,False,STOP,-420.68,,conviction,score_2,2,1,0,1,False,0.0,0,,0.0,0.0,,False,0.0,0,,0.0,0.0,0,0.0,,0.0,0,0.0
2026-03-23,CV,,breakout,WIN,660.75,1.78,30.28,5.44,,,31581483,True,False,21,3.01,7.46,7.24,8.14,7.86,1654,False,0,09:51 ET,STANDARD,2.0,0,False,0,False,True,False,TRAIL,660.75,shooting_star,conviction,score_1,1,0,0,1,False,0.0,0,,0.0,0.0,,False,0.0,0,,0.0,0.0,0,0.0,,0.0,0,0.0
2026-03-24,YDES,,breakout,LOSS,-407.91,-1.1,35.13,7.87,,,319870,True,False,50,3.01,7.46,7.24,8.14,7.22,1654,False,0,10:20 ET,STANDARD,2.0,0,False,0,False,True,False,STOP,-407.91,,conviction,score_1,1,0,0,1,False,0.0,0,,0.0,0.0,,False,0.0,0,,0.0,0.0,0,0.0,,0.0,0,0.0
2026-03-24,ANNA,,bull_flag,WIN,451.61,1.22,58.02,13.38,,,9508313,True,False,1,2.68,7.06,6.87,7.63,7.29,1962,False,0,09:31 ET,STANDARD,2.0,0,False,0,False,True,False,TRAIL,451.61,,conviction,score_2,2,1,0,1,False,0.0,0,,0.0,0.0,,False,0.0,0,,0.0,0.0,0,0.0,,0.0,0,0.0
2026-03-24,CRCD,,breakout,WIN,4161.21,11.24,44.68,5.8,,,0,False,False,18,3.01,4.98,4.83,5.43,5.98,2479,False,0,09:48 ET,STANDARD,2.0,0,False,0,False,True,False,TRAIL,2472.49,shooting_star,conviction,score_1,1,0,0,1,True,5.2705,2343,TRAIL,5.9913,1688.72,shooting_star,False,0.0,0,,0.0,0.0,0,0.0,,0.0,0,0.0
2026-03-25,UGRO,,breakout,LOSS,-403.48,-1.09,417.09,12.04,,,1186728,True,False,1,2.98,8.1,7.86,8.83,7.84,1524,False,0,09:31 ET,STANDARD,2.0,0,False,0,False,True,False,STOP,-403.48,,conviction,score_2,2,1,0,1,False,0.0,0,,0.0,0.0,,False,0.0,0,,0.0,0.0,0,0.0,,0.0,0,0.0
2026-03-25,RTB,,breakout,WIN,19.44,0.05,20.88,16.55,,,4672441,True,False,152,2.99,5.74,5.57,6.26,5.75,2151,False,0,12:02 ET,STANDARD,2.0,0,False,0,False,True,False,TRAIL,19.44,,conviction,score_1,1,0,0,1,False,0.0,0,,0.0,0.0,,False,0.0,0,,0.0,0.0,0,0.0,,0.0,0,0.0
2026-03-25,SRPU,,breakout,WIN,477.94,1.29,70.59,9.87,,,0,False,False,11,3.04,12.33,11.96,13.44,12.91,1001,False,0,09:41 ET,STANDARD,2.0,0,False,0,False,True,False,TRAIL,577.11,,conviction,score_1,1,0,0,1,True,12.9859,951,TRAIL,12.8816,-99.17,,False,0.0,0,,0.0,0.0,0,0.0,,0.0,0,0.0
2026-03-26,EEIQ,,bull_flag,LOSS,-626.18,-1.13,365.18,915.44,,,893387,True,False,1,3.09,5.19,5.03,5.66,5.01,3569,False,0,09:31 ET,STRONG,3.0,2,False,0,False,True,False,STOP,-626.18,,conviction,score_2,2,1,0,1,False,0.0,0,,0.0,0.0,,False,0.0,0,,0.0,0.0,0,0.0,,0.0,0,0.0
2026-03-26,FCHL,,breakout,LOSS,-202.84,-1.1,154.39,51.77,,,1299391,True,False,1,2.99,3.04,2.95,3.31,2.94,2030,False,0,09:31 ET,STANDARD → ROSS-HALF (0/3 gates),1.0,1,False,0,False,True,False,STOP,-202.84,,conviction,score_0,0,0,0,0,False,0.0,0,,0.0,0.0,,False,0.0,0,,0.0,0.0,0,0.0,,0.0,0,0.0
2026-03-26,NDLS,,breakout,LOSS,-404.88,-1.09,64.19,16.05,,,3212286,True,False,1,2.99,8.25,8.0,8.99,7.98,1497,False,0,09:31 ET,STANDARD,2.0,0,False,0,False,True,False,STOP,-404.88,,conviction,score_1,1,0,0,1,False,0.0,0,,0.0,0.0,,False,0.0,0,,0.0,0.0,0,0.0,,0.0,0,0.0
2026-03-26,FATN,,breakout,LOSS,-206.32,-1.11,57.8,42.67,,,7896757,True,False,1,3.05,2.1,2.04,2.29,2.03,2934,False,0,09:31 ET,STANDARD → ROSS-HALF (0/3 gates),1.0,0,False,0,False,True,False,STOP,-206.32,,conviction,score_0,0,0,0,0,False,0.0,0,,0.0,0.0,,False,0.0,0,,0.0,0.0,0,0.0,,0.0,0,0.0
2026-03-26,AIFF,,breakout,LOSS,-417.79,-1.13,87.49,6.56,,,13578904,True,False,1,3.09,2.07,2.01,2.26,2.0,5954,False,0,09:31 ET,STANDARD,2.0,0,True,6,False,True,False,STOP,-417.79,,conviction,score_2,2,1,0,1,False,0.0,0,,0.0,0.0,,False,0.0,0,,0.0,0.0,0,0.0,,0.0,0,0.0
2026-03-27,FGI,,breakout,WIN,617.53,1.67,20.06,22.18,,,530439,True,False,314,3.13,3.76,3.64,4.1,3.95,3286,False,0,14:44 ET,STANDARD,2.0,0,False,0,False,True,False,TRAIL,617.53,,conviction,score_1,1,0,0,1,False,0.0,0,,0.0,0.0,,False,0.0,0,,0.0,0.0,0,0.0,,0.0,0,0.0
2026-03-27,NSYS,,breakout,LOSS,-182.43,-0.49,20.57,29.48,,,985381,True,False,1,3.01,11.37,11.03,12.4,11.52,1085,False,0,09:31 ET,STANDARD,2.0,0,False,0,False,True,False,TRAIL,164.29,,conviction,score_1,1,0,0,1,True,11.6307,1061,TRAIL,11.3039,-346.72,,False,0.0,0,,0.0,0.0,0,0.0,,0.0,0,0.0
2026-03-27,SONM,,breakout,WIN,593.49,1.6,59.64,26.06,,,1210542,True,False,148,2.92,3.08,2.99,3.36,3.23,4009,False,0,11:58 ET,STANDARD,2.0,0,False,0,False,True,False,TRAIL,593.49,,conviction,score_1,1,0,0,1,False,0.0,0,,0.0,0.0,,False,0.0,0,,0.0,0.0,0,0.0,,0.0,0,0.0
2026-03-27,ARTL,,breakout,LOSS,-407.3,-1.1,524.13,30.95,,,2124128,True,False,1,3.01,7.84,7.6,8.54,7.58,1576,False,0,09:31 ET,STANDARD,2.0,0,False,1,True,True,False,STOP,-407.3,,conviction,score_1,1,0,0,1,False,0.0,0,,0.0,0.0,,False,0.0,0,,0.0,0.0,0,0.0,,0.0,0,0.0
2026-03-27,HTCO,,breakout,LOSS,-402.47,-1.09,21.55,8.11,,,3174346,True,False,218,2.97,7.95,7.71,8.66,7.69,1554,False,0,13:08 ET,STANDARD,2.0,0,False,0,False,True,False,STOP,-402.47,,conviction,score_2,2,1,0,1,False,0.0,0,,0.0,0.0,,False,0.0,0,,0.0,0.0,0,0.0,,0.0,0,0.0
2026-03-27,ONCO,,breakout,LOSS,-618.96,-1.11,109.01,120.92,,,10456836,True,False,1,3.05,6.31,6.12,6.88,6.1,2934,False,0,09:31 ET,STRONG,3.0,2,True,3,False,True,False,STOP,-618.96,,conviction,score_2,2,1,0,1,False,0.0,0,,0.0,0.0,,False,0.0,0,,0.0,0.0,0,0.0,,0.0,0,0.0
2026-03-30,ELAB,,breakout,LOSS,-11.01,-0.06,192.22,67.51,,,4543706,True,False,16,2.99,3.76,3.65,4.1,3.76,1641,False,0,09:46 ET,STANDARD → ROSS-HALF (0/3 gates),1.0,1,True,3,False,True,False,TRAIL,-11.01,,conviction,score_0,0,0,0,0,False,0.0,0,,0.0,0.0,,False,0.0,0,,0.0,0.0,0,0.0,,0.0,0,0.0
2026-03-30,QNTM,,breakout,WIN,82.67,0.22,35.64,5.67,,,5931866,True,False,16,2.92,5.51,5.35,6.01,5.55,2240,False,0,09:46 ET,STANDARD,2.0,0,False,0,False,True,False,TRAIL,82.67,,conviction,score_2,2,1,0,1,False,0.0,0,,0.0,0.0,,False,0.0,0,,0.0,0.0,0,0.0,,0.0,0,0.0
2026-03-30,TBI,,breakout,WIN,555.55,1.5,16.62,9.62,,,29106140,True,False,364,2.93,3.67,3.56,4.0,3.83,3367,False,0,15:34 ET,STANDARD,2.0,0,False,0,False,True,False,EOD,555.55,,conviction,score_2,2,1,0,1,False,0.0,0,,0.0,0.0,,False,0.0,0,,0.0,0.0,0,0.0,,0.0,0,0.0
2026-03-31,NPT,,breakout,LOSS,-401.23,-1.08,73.58,8.55,,,2689266,True,False,1,2.96,6.02,5.84,6.56,5.82,2052,False,0,09:31 ET,STANDARD,2.0,0,False,0,False,True,False,STOP,-401.23,,conviction,score_1,1,0,0,1,False,0.0,0,,0.0,0.0,,False,0.0,0,,0.0,0.0,0,0.0,,0.0,0,0.0
2026-03-31,ELAB,,breakout,LOSS,-417.96,-1.13,82.58,9.79,,,4543706,True,False,1,3.09,4.08,3.95,4.44,3.94,3029,False,0,09:31 ET,STANDARD,2.0,0,False,0,False,True,False,STOP,-417.96,,conviction,score_2,2,1,0,1,False,0.0,0,,0.0,0.0,,False,0.0,0,,0.0,0.0,0,0.0,,0.0,0,0.0
2026-03-31,IMDX,,breakout,WIN,30.7,0.08,41.18,9.07,,,10083241,True,False,31,2.88,2.8,2.72,3.05,2.81,4409,False,0,10:01 ET,STANDARD,2.0,0,False,0,False,True,False,TRAIL,30.7,,conviction,score_1,1,0,0,1,False,0.0,0,,0.0,0.0,,False,0.0,0,,0.0,0.0,0,0.0,,0.0,0,0.0
2026-04-01,CYCN,,breakout,LOSS,-612.46,-1.1,447.1,7007.96,,,3492720,True,False,1,3.02,5.68,5.51,6.19,5.49,3260,False,0,09:31 ET,STRONG,3.0,2,True,3,False,True,False,STOP,-612.46,,conviction,score_2,2,1,0,1,False,0.0,0,,0.0,0.0,,False,0.0,0,,0.0,0.0,0,0.0,,0.0,0,0.0
2026-04-01,HUHU,,breakout,WIN,784.6,2.12,22.11,5.41,,,7240225,True,False,238,3.04,9.52,9.23,10.38,10.12,1297,False,0,13:28 ET,STANDARD,2.0,0,False,0,False,True,False,TRAIL,784.6,,conviction,score_2,2,1,0,1,False,0.0,0,,0.0,0.0,,False,0.0,0,,0.0,0.0,0,0.0,,0.0,0,0.0
2026-04-01,CYAB,,breakout,LOSS,-387.11,-1.05,20.0,10.96,,,9439182,True,False,11,2.84,2.14,2.08,2.33,2.07,5768,False,0,09:41 ET,STANDARD,2.0,0,False,0,False,True,False,STOP,-387.11,,conviction,score_2,2,1,0,1,False,0.0,0,,0.0,0.0,,False,0.0,0,,0.0,0.0,0,0.0,,0.0,0,0.0
2026-04-01,LICN,,breakout,WIN,254.75,0.69,18.64,5.85,,,16326863,True,False,149,3.06,6.64,6.44,7.24,6.78,1859,False,0,11:59 ET,STANDARD,2.0,0,False,0,False,True,False,TRAIL,254.75,,conviction,score_2,2,1,0,1,False,0.0,0,,0.0,0.0,,False,0.0,0,,0.0,0.0,0,0.0,,0.0,0,0.0
2026-04-01,TH,,breakout,LOSS,-405.48,-1.1,43.21,19.37,,,39704947,True,False,1,2.99,13.06,12.67,14.24,12.63,945,False,0,09:31 ET,STANDARD,2.0,0,False,0,False,True,False,STOP,-405.48,,conviction,score_2,2,1,0,1,False,0.0,0,,0.0,0.0,,False,0.0,0,,0.0,0.0,0,0.0,,0.0,0,0.0
2026-04-02,SKYQ,,breakout,LOSS,-405.43,-1.09,132.81,91.35,,,4130779,True,False,1,2.99,5.37,5.21,5.85,5.19,2299,False,0,09:31 ET,STANDARD,2.0,1,True,3,False,True,False,STOP,-405.43,,conviction,score_1,1,0,0,1,False,0.0,0,,0.0,0.0,,False,0.0,0,,0.0,0.0,0,0.0,,0.0,0,0.0
2026-04-02,FC,,breakout,WIN,605.98,1.64,47.99,10.66,,,8505284,True,False,26,3.0,19.46,18.88,21.22,20.42,634,False,0,09:56 ET,STANDARD,2.0,0,False,0,False,True,False,TRAIL,605.98,,conviction,score_1,1,0,0,1,False,0.0,0,,0.0,0.0,,False,0.0,0,,0.0,0.0,0,0.0,,0.0,0,0.0
2026-04-06,SMX,,breakout,WIN,195.04,0.53,132.62,62.72,,,34940,True,False,16,2.95,9.44,9.16,10.29,9.59,1308,False,0,09:46 ET,STANDARD,2.0,1,False,0,False,True,False,TRAIL,195.04,,conviction,score_1,1,0,0,1,False,0.0,0,,0.0,0.0,,False,0.0,0,,0.0,0.0,0,0.0,,0.0,0,0.0
2026-04-06,MLEC,,breakout,LOSS,-603.28,-1.09,69.21,108.53,,,726118,True,False,37,2.97,10.12,9.82,11.03,9.79,1830,False,0,10:07 ET,STRONG,3.0,2,False,0,False,True,False,STOP,-603.28,,conviction,score_1,1,1,0,0,False,0.0,0,,0.0,0.0,,False,0.0,0,,0.0,0.0,0,0.0,,0.0,0,0.0
2026-04-06,FCUV,,breakout,LOSS,-614.86,-1.11,183.83,1832.38,,,1765792,True,False,17,3.03,8.84,8.57,9.63,8.54,2096,False,0,09:47 ET,STRONG,3.0,2,False,0,False,True,False,STOP,-614.86,,conviction,score_2,2,1,0,1,False,0.0,0,,0.0,0.0,,False,0.0,0,,0.0,0.0,0,0.0,,0.0,0,0.0
2026-04-06,BTBD,,breakout,LOSS,-429.21,-1.16,31.21,19.8,,,3182906,True,False,16,3.19,2.34,2.27,2.56,2.26,5267,False,0,09:46 ET,STANDARD,2.0,0,False,0,False,True,False,STOP,-429.21,,conviction,score_2,2,1,0,1,False,0.0,0,,0.0,0.0,,False,0.0,0,,0.0,0.0,0,0.0,,0.0,0,0.0
2026-04-06,REBN,,breakout,WIN,298.79,0.81,26.01,5.57,,,4705406,True,False,19,3.02,2.48,2.41,2.71,2.55,4969,False,0,09:49 ET,STANDARD,2.0,0,False,0,False,True,False,TRAIL,298.79,shooting_star,conviction,score_1,1,0,0,1,False,0.0,0,,0.0,0.0,,False,0.0,0,,0.0,0.0,0,0.0,,0.0,0,0.0
2026-04-06,MNTS,,breakout,WIN,65.88,0.18,26.52,5.85,,,9240470,True,False,19,3.12,3.59,3.48,3.92,3.61,3438,False,0,09:49 ET,STANDARD,2.0,0,False,0,False,True,False,TRAIL,65.88,,conviction,score_2,2,1,0,1,False,0.0,0,,0.0,0.0,,False,0.0,0,,0.0,0.0,0,0.0,,0.0,0,0.0
2026-04-07,ADVB,,breakout,WIN,72.85,0.2,71.72,33.3,,,629741,True,False,1,2.95,7.31,7.09,7.96,7.35,1690,False,0,09:31 ET,STANDARD,2.0,0,False,0,False,True,False,TRAIL,72.85,,conviction,score_1,1,1,0,0,False,0.0,0,,0.0,0.0,,False,0.0,0,,0.0,0.0,0,0.0,,0.0,0,0.0
2026-04-07,KPRX,,breakout,WIN,2.2,0.0,27.72,933.74,,,4295436,True,False,5,2.89,2.42,2.35,2.64,2.42,7655,False,0,09:35 ET,STRONG,3.0,2,False,0,False,True,False,TRAIL,2.2,,conviction,score_2,2,1,0,1,False,0.0,0,,0.0,0.0,,False,0.0,0,,0.0,0.0,0,0.0,,0.0,0,0.0
2026-04-07,MOVE,,breakout,LOSS,-406.18,-1.1,25.53,25.51,,,5099381,True,False,82,3.0,11.43,11.09,12.46,11.06,1080,False,0,10:52 ET,STANDARD,2.0,0,False,0,False,True,False,STOP,-406.18,,conviction,score_2,2,1,0,1,False,0.0,0,,0.0,0.0,,False,0.0,0,,0.0,0.0,0,0.0,,0.0,0,0.0
2026-04-07,ALOT,,breakout,WIN,55.26,0.15,20.11,6.53,,,5343601,True,False,5,2.99,10.74,10.42,11.71,10.79,1149,False,0,09:35 ET,STANDARD,2.0,0,False,0,False,True,False,TRAIL,55.26,,conviction,score_1,1,0,0,1,False,0.0,0,,0.0,0.0,,False,0.0,0,,0.0,0.0,0,0.0,,0.0,0,0.0
2026-04-08,BBGI,,breakout,LOSS,-594.17,-1.07,108.6,3032.83,,,641709,True,False,5,2.92,5.52,5.36,6.02,5.34,3355,False,0,09:35 ET,STRONG,3.0,2,True,3,False,True,False,STOP,-594.17,,conviction,score_1,1,1,0,0,False,0.0,0,,0.0,0.0,,False,0.0,0,,0.0,0.0,0,0.0,,0.0,0,0.0
2026-04-08,SKIL,,breakout,LOSS,-398.34,-1.08,31.52,8.85,,,4477096,True,False,1,2.94,5.67,5.5,6.18,5.48,2179,False,0,09:31 ET,STANDARD,2.0,0,False,0,False,True,False,STOP,-398.34,,conviction,score_1,1,0,0,1,False,0.0,0,,0.0,0.0,,False,0.0,0,,0.0,0.0,0,0.0,,0.0,0,0.0
2026-04-09,BBGI,,breakout,WIN,21.46,0.06,132.1,8.4,,,641709,True,False,217,2.97,6.67,6.47,7.27,6.68,1852,False,0,13:07 ET,STANDARD,2.0,0,False,0,False,True,False,TRAIL,21.46,,conviction,score_1,1,0,0,1,False,0.0,0,,0.0,0.0,,False,0.0,0,,0.0,0.0,0,0.0,,0.0,0,0.0
2026-04-09,CLIK,,breakout,LOSS,-419.02,-1.13,76.19,66.95,,,783519,True,False,50,3.1,2.76,2.67,3.0,2.66,4481,False,0,10:20 ET,STANDARD,2.0,1,False,0,False,True,False,STOP,-419.02,,conviction,score_1,1,1,0,0,False,0.0,0,,0.0,0.0,,False,0.0,0,,0.0,0.0,0,0.0,,0.0,0,0.0
2026-04-09,ICCC,,breakout,WIN,383.55,1.04,17.53,6.23,,,6004903,True,False,11,3.04,7.04,6.83,7.68,7.27,1753,False,0,09:41 ET,STANDARD,2.0,0,False,0,False,True,False,TRAIL,388.08,,conviction,score_1,1,0,0,1,True,7.2545,1702,TRAIL,7.2518,-4.53,,False,0.0,0,,0.0,0.0,0,0.0,,0.0,0,0.0
2026-04-09,RELL,,breakout,WIN,346.9,1.87,25.43,7.37,,,12064631,True,False,2,3.02,13.1,12.7,14.27,13.53,471,False,0,09:32 ET,STANDARD → ROSS-HALF (0/3 gates),1.0,0,True,3,False,True,False,TRAIL,202.25,bearish_engulfing,conviction,score_0,0,0,0,0,True,13.4268,919,TRAIL,13.5842,144.65,bearish_engulfing,False,0.0,0,,0.0,0.0,0,0.0,,0.0,0,0.0
2026-04-10,FGL,,breakout,WIN,1087.59,2.93,38.54,10.01,,,7196722,True,False,7,3.12,2.23,2.16,2.43,2.43,5539,False,0,09:37 ET,STANDARD,2.0,0,False,0,False,True,False,TRAIL,1087.59,,conviction,score_1,1,0,0,1,False,0.0,0,,0.0,0.0,,False,0.0,0,,0.0,0.0,0,0.0,,0.0,0,0.0
2026-04-13,OPTX,,breakout,LOSS,-407.98,-1.1,30.48,8.2,,,9341709,True,False,16,3.01,11.55,11.2,12.59,11.17,1069,False,0,09:46 ET,STANDARD,2.0,0,True,3,False,True,False,STOP,-407.98,,conviction,score_2,2,1,0,1,False,0.0,0,,0.0,0.0,,False,0.0,0,,0.0,0.0,0,0.0,,0.0,0,0.0
2026-04-13,CLLS,,breakout,WIN,460.74,1.24,26.74,7.04,,,46686632,True,False,18,3.07,4.18,4.05,4.55,4.33,2955,False,0,09:48 ET,STANDARD,2.0,0,False,0,False,True,False,TRAIL,460.74,topping_tail,conviction,score_1,1,1,0,0,False,0.0,0,,0.0,0.0,,False,0.0,0,,0.0,0.0,0,0.0,,0.0,0,0.0
2026-04-13,SNOU,,breakout,WIN,963.6,2.6,20.45,8.84,,,0,False,False,87,3.02,12.4,12.03,13.52,13.37,995,False,0,10:57 ET,STANDARD,2.0,0,False,0,False,True,False,EOD,963.6,shooting_star,conviction,score_2,2,1,0,1,False,0.0,0,,0.0,0.0,,False,0.0,0,,0.0,0.0,0,0.0,,0.0,0,0.0
2026-04-13,NETG,,breakout,WIN,547.67,1.48,21.05,5.3,,,0,False,False,16,2.96,8.33,8.08,9.08,8.64,1483,False,0,09:46 ET,STANDARD,2.0,0,False,0,False,True,False,TRAIL,463.41,bearish_engulfing,conviction,score_2,2,1,0,1,True,8.6172,1433,TRAIL,8.676,84.25,bearish_engulfing,False,0.0,0,,0.0,0.0,0,0.0,,0.0,0,0.0
2026-04-14,MFI,,breakout,WIN,215.1,0.58,23.97,10.07,,,525594,True,False,363,2.99,13.98,13.56,15.24,14.22,883,False,0,15:33 ET,STANDARD,2.0,0,False,0,False,True,False,EOD,215.1,,conviction,score_1,1,0,0,1,False,0.0,0,,0.0,0.0,,False,0.0,0,,0.0,0.0,0,0.0,,0.0,0,0.0
2026-04-14,ACTU,,breakout,LOSS,-406.12,-1.1,28.02,6.21,,,8571676,True,False,31,3.0,2.14,2.08,2.34,2.07,5759,False,0,10:01 ET,STANDARD,2.0,0,False,0,False,True,False,STOP,-406.12,,conviction,score_1,1,0,0,1,False,0.0,0,,0.0,0.0,,False,0.0,0,,0.0,0.0,0,0.0,,0.0,0,0.0
2026-04-14,RENT,,breakout,WIN,125.95,0.34,31.09,14.54,,,24132827,True,False,1,3.03,7.07,6.86,7.71,7.15,1745,False,0,09:31 ET,STANDARD,2.0,0,False,0,False,True,False,TRAIL,125.95,,conviction,score_1,1,0,0,1,False,0.0,0,,0.0,0.0,,False,0.0,0,,0.0,0.0,0,0.0,,0.0,0,0.0
2026-04-15,VNCE,,breakout,LOSS,-405.01,-1.09,24.2,16.15,,,4197982,True,False,1,2.99,3.23,3.13,3.52,3.12,3827,False,0,09:31 ET,STANDARD,2.0,0,True,3,False,True,False,STOP,-405.01,,conviction,score_2,2,1,0,1,False,0.0,0,,0.0,0.0,,False,0.0,0,,0.0,0.0,0,0.0,,0.0,0,0.0
2026-04-15,KMRK,,breakout,LOSS,-383.58,-1.04,75.62,39.74,,,4600011,True,False,17,2.81,2.29,2.23,2.5,2.22,5382,False,0,09:47 ET,STANDARD,2.0,0,True,3,False,True,False,STOP,-383.58,,conviction,score_1,1,0,0,1,False,0.0,0,,0.0,0.0,,False,0.0,0,,0.0,0.0,0,0.0,,0.0,0,0.0
2026-04-15,BIRD,,bull_flag,LOSS,-605.77,-1.09,876.31,1719.09,,,5829254,True,False,1,2.98,6.83,6.63,7.45,6.61,2710,False,0,09:31 ET,STRONG,3.0,2,True,3,False,True,False,STOP,-605.77,,conviction,score_1,1,0,0,1,False,0.0,0,,0.0,0.0,,False,0.0,0,,0.0,0.0,0,0.0,,0.0,0,0.0
2026-04-15,MNTS,,breakout,WIN,507.58,1.37,50.6,10.65,,,9240470,True,False,1,2.97,5.77,5.6,6.29,6.01,2139,False,0,09:31 ET,STANDARD,2.0,0,False,0,False,True,False,TRAIL,507.58,,conviction,score_2,2,1,0,1,False,0.0,0,,0.0,0.0,,False,0.0,0,,0.0,0.0,0,0.0,,0.0,0,0.0
2026-04-15,XNDU,,breakout,LOSS,-403.24,-1.09,90.49,10.86,,,35039261,True,False,1,2.98,17.27,16.76,18.83,16.71,714,False,0,09:31 ET,STANDARD,2.0,0,False,0,False,True,False,STOP,-403.24,,conviction,score_1,1,0,0,1,False,0.0,0,,0.0,0.0,,False,0.0,0,,0.0,0.0,0,0.0,,0.0,0,0.0
2026-04-16,BTOG,,breakout,LOSS,-599.03,-1.08,93.49,517.52,,,975172,True,False,22,2.94,5.1,4.95,5.56,4.94,3632,False,0,09:52 ET,STRONG,3.0,2,False,0,False,True,False,STOP,-599.03,,conviction,score_2,2,1,0,1,False,0.0,0,,0.0,0.0,,False,0.0,0,,0.0,0.0,0,0.0,,0.0,0,0.0
2026-04-16,MYSE,,breakout,LOSS,-596.85,-1.07,300.69,158.49,,,4029799,True,False,1,2.93,5.49,5.33,5.99,5.31,3373,False,0,09:31 ET,STRONG,3.0,2,False,0,False,True,False,STOP,-596.85,,conviction,score_2,2,1,0,1,False,0.0,0,,0.0,0.0,,False,0.0,0,,0.0,0.0,0,0.0,,0.0,0,0.0
2026-04-17,JLHL,,breakout,LOSS,-407.67,-1.1,49.38,19.97,,,1448641,True,False,42,3.01,10.67,10.35,11.63,10.32,1157,False,0,10:12 ET,STANDARD,2.0,0,False,0,False,True,False,STOP,-407.67,,conviction,score_2,2,1,0,1,False,0.0,0,,0.0,0.0,,False,0.0,0,,0.0,0.0,0,0.0,,0.0,0,0.0
2026-04-17,EFOI,,breakout,LOSS,-623.8,-1.12,370.81,12135.08,,,2653367,True,False,1,3.08,5.56,5.39,6.06,5.37,3331,False,0,09:31 ET,STRONG,3.0,2,False,0,False,True,False,STOP,-623.8,,conviction,score_1,1,0,0,1,False,0.0,0,,0.0,0.0,,False,0.0,0,,0.0,0.0,0,0.0,,0.0,0,0.0
2026-04-17,ZDAI,,breakout,WIN,812.78,2.93,203.7,686.63,,,27724200,True,False,70,2.96,7.23,7.02,7.89,7.87,1280,False,0,10:40 ET,STRONG → ROSS-HALF (0/3 gates),1.5,2,False,0,False,True,False,TRAIL,812.78,,conviction,score_0,0,0,0,0,False,0.0,0,,0.0,0.0,,False,0.0,0,,0.0,0.0,0,0.0,,0.0,0,0.0
2026-04-17,LZM,,breakout,LOSS,-396.88,-1.07,37.02,10.82,,,33388307,True,False,1,2.92,5.14,4.99,5.6,4.97,2402,False,0,09:31 ET,STANDARD,2.0,0,False,0,False,True,False,STOP,-396.88,,conviction,score_2,2,1,0,1,False,0.0,0,,0.0,0.0,,False,0.0,0,,0.0,0.0,0,0.0,,0.0,0,0.0
2026-04-17,RPAY,,breakout,WIN,305.26,0.82,34.9,16.82,,,46487766,True,False,9,3.03,4.06,3.94,4.43,4.22,3039,False,0,09:39 ET,STANDARD,2.0,0,False,0,False,True,False,TRAIL,465.43,shooting_star,conviction,score_1,1,1,0,0,True,4.1232,2995,TRAIL,4.0698,-160.17,bearish_engulfing,False,0.0,0,,0.0,0.0,0,0.0,,0.0,0,0.0
